time,value
06:36:00,61
06:37:00,60
07:10:00,71
07:11:00,82
07:12:00,91
07:13:00,101
07:14:00,83
07:15:00,72
07:16:00,73
07:17:00,77
07:18:00,77
07:19:00,84
07:20:00,76
07:21:00,73
07:22:00,74
07:23:00,69
07:24:00,70
07:25:00,70
07:26:00,72
07:27:00,69
07:28:00,68
07:29:00,74
07:30:00,74
07:31:00,71
07:32:00,74
07:33:00,78
07:34:00,91
07:35:00,118
07:36:00,118
07:37:00,116
07:38:00,113
07:39:00,111
07:40:00,102
07:41:00,104
07:42:00,106
07:43:00,106
07:44:00,105
07:45:00,95
07:46:00,88
07:47:00,92
07:48:00,85
07:49:00,93
07:50:00,85
07:51:00,81
07:52:00,81
07:53:00,86
07:54:00,80
07:55:00,92
07:56:00,95
07:57:00,94
07:58:00,89
07:59:00,101
08:00:00,93
08:01:00,93
08:02:00,94
08:03:00,98
08:04:00,100
08:05:00,102
08:06:00,114
08:07:00,118
08:08:00,100
08:09:00,85
08:10:00,80
08:11:00,79
08:12:00,82
08:13:00,87
08:14:00,83
08:15:00,80
08:16:00,81
08:17:00,80
08:18:00,81
08:19:00,80
08:20:00,78
08:21:00,81
08:22:00,80
08:23:00,78
08:24:00,78
08:25:00,79
08:26:00,80
08:27:00,79
08:28:00,77
08:29:00,73
08:30:00,82
08:31:00,78
08:32:00,79
08:33:00,76
08:34:00,77
08:35:00,78
08:36:00,77
08:37:00,76
08:38:00,84
08:39:00,95
08:40:00,100
08:41:00,104
08:42:00,109
08:43:00,100
08:44:00,106
08:45:00,107
08:46:00,110
08:47:00,111
08:48:00,104
08:49:00,100
08:50:00,94
08:51:00,97
08:52:00,101
08:53:00,104
08:54:00,100
08:55:00,105
08:56:00,97
08:57:00,100
08:58:00,108
08:59:00,111
09:00:00,112
09:01:00,100
09:02:00,96
09:03:00,94
09:04:00,95
09:05:00,92
09:06:00,91
09:07:00,89
09:08:00,88
09:09:00,89
09:10:00,89
09:11:00,95
09:12:00,97
09:13:00,101
09:14:00,100
09:15:00,103
09:16:00,101
09:17:00,106
09:18:00,104
09:19:00,109
09:20:00,104
09:21:00,106
09:22:00,108
09:23:00,106
09:24:00,102
09:25:00,97
09:26:00,101
09:27:00,98
09:28:00,101
09:29:00,101
09:30:00,104
09:31:00,105
09:32:00,83
09:33:00,81
09:34:00,83
09:35:00,81
09:36:00,81
09:37:00,79
09:38:00,80
09:39:00,79
09:40:00,75
09:41:00,78
09:42:00,77
09:43:00,77
09:44:00,73
09:45:00,83
09:46:00,72
09:47:00,76
09:48:00,76
09:49:00,80
09:50:00,75
09:51:00,75
09:52:00,75
09:53:00,75
09:54:00,74
09:55:00,71
09:56:00,77
09:57:00,77
09:58:00,80
09:59:00,84
10:00:00,87
10:01:00,91
10:02:00,94
10:03:00,95
10:04:00,89
10:05:00,88
10:06:00,87
10:07:00,91
10:08:00,89
10:09:00,90
10:10:00,90
10:11:00,88
10:12:00,86
10:13:00,89
10:14:00,95
10:15:00,90
10:16:00,84
10:17:00,93
10:18:00,96
10:19:00,95
10:20:00,96
10:21:00,91
10:22:00,89
10:23:00,94
10:24:00,98
10:25:00,102
10:26:00,104
10:27:00,105
10:28:00,100
10:29:00,98
10:30:00,97
10:31:00,93
10:32:00,97
10:33:00,96
10:34:00,100
10:35:00,99
10:36:00,98
10:37:00,99
10:38:00,94
10:39:00,92
10:40:00,94
10:41:00,95
10:42:00,95
10:43:00,95
10:44:00,98
10:45:00,100
10:46:00,99
10:47:00,96
10:48:00,99
10:49:00,97
10:50:00,94
10:51:00,97
10:52:00,96
10:53:00,87
10:54:00,91
10:55:00,87
10:56:00,87
10:57:00,90
10:58:00,99
10:59:00,98
11:00:00,102
11:01:00,100
11:02:00,99
11:03:00,101
11:04:00,96
11:05:00,87
11:06:00,97
11:07:00,79
11:08:00,92
11:09:00,97
11:10:00,97
11:11:00,100
11:12:00,110
11:13:00,127
11:14:00,122
11:15:00,129
11:16:00,127
11:17:00,103
11:18:00,85
11:19:00,83
11:20:00,74
11:21:00,72
11:22:00,74
11:23:00,73
11:24:00,74
11:25:00,80
11:26:00,76
11:27:00,73
11:28:00,70
11:29:00,71
11:30:00,71
11:31:00,70
11:32:00,78
11:33:00,72
11:34:00,72
11:35:00,71
11:36:00,74
11:37:00,72
11:38:00,73
11:39:00,75
11:40:00,76
11:41:00,80
11:42:00,81
11:43:00,77
11:44:00,88
11:45:00,83
11:46:00,77
11:47:00,77
11:48:00,76
11:49:00,72
11:50:00,73
11:51:00,73
11:52:00,74
11:53:00,75
11:54:00,73
11:55:00,73
11:56:00,75
11:57:00,79
11:58:00,93
11:59:00,94
12:00:00,100
12:01:00,103
12:02:00,94
12:03:00,101
12:04:00,99
12:05:00,98
12:06:00,94
12:07:00,83
12:08:00,90
12:09:00,95
12:10:00,94
12:11:00,94
12:12:00,99
12:13:00,96
12:14:00,95
12:15:00,95
12:16:00,94
12:17:00,92
12:18:00,99
12:19:00,95
12:20:00,95
12:21:00,95
12:22:00,94
12:23:00,91
12:24:00,98
12:25:00,94
12:26:00,94
12:27:00,102
12:28:00,100
12:29:00,100
12:30:00,100
12:31:00,101
12:32:00,103
12:33:00,106
12:34:00,105
12:35:00,104
12:36:00,101
12:37:00,93
12:38:00,94
12:39:00,98
12:40:00,95
12:41:00,91
12:42:00,93
12:43:00,95
12:44:00,93
12:45:00,108
12:46:00,108
12:47:00,96
12:48:00,102
12:49:00,95
12:50:00,100
12:51:00,98
12:52:00,95
12:53:00,95
12:54:00,95
12:55:00,96
12:56:00,105
12:57:00,112
12:58:00,97
12:59:00,90
13:00:00,91
13:01:00,89
13:02:00,89
13:03:00,90
13:04:00,89
13:05:00,88
13:06:00,89
13:07:00,88
13:08:00,90
13:09:00,90
13:10:00,86
13:11:00,90
13:12:00,86
13:13:00,85
13:14:00,85
13:15:00,84
13:16:00,89
13:17:00,89
13:18:00,93
13:19:00,89
13:20:00,87
13:21:00,95
13:22:00,95
13:23:00,114
13:24:00,92
13:25:00,100
13:26:00,103
13:27:00,107
13:28:00,112
13:29:00,112
13:30:00,110
13:31:00,108
13:32:00,109
13:33:00,111
13:34:00,105
13:35:00,105
13:36:00,105
13:37:00,110
13:38:00,105
13:39:00,103
13:40:00,103
13:41:00,111
13:42:00,122
13:43:00,127
13:44:00,125
13:45:00,131
13:46:00,115
13:47:00,118
13:48:00,123
13:49:00,123
13:50:00,117
13:51:00,116
13:52:00,128
13:53:00,127
13:54:00,127
13:55:00,123
13:56:00,118
13:57:00,111
13:58:00,112
13:59:00,109
14:00:00,106
14:01:00,108
14:02:00,110
14:03:00,102
14:04:00,108
14:05:00,107
14:06:00,117
14:07:00,104
14:08:00,104
14:09:00,108
14:10:00,110
14:11:00,111
14:12:00,108
14:13:00,103
14:14:00,101
14:15:00,98
14:16:00,97
14:17:00,110
14:18:00,91
14:19:00,101
14:20:00,98
14:21:00,106
14:22:00,107
14:23:00,108
14:24:00,103
14:25:00,97
14:26:00,93
14:27:00,91
14:28:00,90
14:29:00,93
14:30:00,95
14:31:00,101
14:32:00,104
14:33:00,104
14:34:00,108
14:35:00,109
14:36:00,110
14:37:00,110
14:38:00,109
14:39:00,111
14:40:00,117
14:41:00,121
14:42:00,116
14:43:00,121
14:44:00,124
14:45:00,118
14:46:00,107
14:47:00,92
14:48:00,91
14:49:00,88
14:50:00,88
14:51:00,89
14:52:00,93
14:53:00,99
14:54:00,102
14:55:00,104
14:56:00,108
14:57:00,106
14:58:00,109
14:59:00,112
15:00:00,103
15:01:00,99
15:02:00,94
15:03:00,94
15:04:00,97
15:05:00,99
15:06:00,100
15:07:00,97
15:08:00,96
15:09:00,94
15:10:00,97
15:11:00,95
15:12:00,97
15:13:00,93
15:14:00,94
15:15:00,91
15:16:00,91
15:17:00,91
15:18:00,96
15:19:00,95
15:20:00,95
15:21:00,95
15:22:00,94
15:23:00,92
15:24:00,91
15:25:00,99
15:26:00,89
15:27:00,89
15:28:00,93
15:29:00,86
15:30:00,90
15:31:00,88
15:32:00,96
15:33:00,93
15:34:00,88
15:35:00,86
15:36:00,86
15:37:00,84
15:38:00,86
15:39:00,88
15:40:00,82
15:41:00,91
15:42:00,84
15:43:00,83
15:44:00,87
15:45:00,81
15:46:00,80
15:47:00,81
15:48:00,81
15:49:00,85
15:50:00,81
15:51:00,82
15:52:00,86
15:53:00,90
15:54:00,91
15:55:00,93
15:56:00,88
15:57:00,91
15:58:00,90
15:59:00,87
16:00:00,88
16:01:00,91
16:02:00,83
16:03:00,81
16:04:00,82
16:05:00,84
16:06:00,88
16:07:00,87
16:08:00,87
16:09:00,87
16:10:00,88
16:11:00,91
16:12:00,91
16:13:00,91
16:14:00,92
16:15:00,88
16:16:00,88
16:17:00,86
16:18:00,86
16:19:00,90
16:20:00,87
16:21:00,89
16:22:00,86
16:23:00,81
16:24:00,83
16:25:00,80
16:26:00,83
16:27:00,82
16:28:00,84
16:29:00,92
16:30:00,92
16:31:00,96
16:32:00,97
16:33:00,94
16:34:00,96
16:35:00,93
16:36:00,104
16:37:00,92
16:38:00,105
16:39:00,109
16:40:00,110
16:41:00,110
16:42:00,105
16:43:00,100
16:44:00,90
16:45:00,89
16:46:00,87
16:47:00,87
16:48:00,89
16:49:00,87
16:50:00,90
16:51:00,81
16:52:00,83
16:53:00,82
16:54:00,84
16:55:00,85
16:56:00,83
16:57:00,83
16:58:00,82
16:59:00,81
17:00:00,83
17:01:00,80
17:02:00,85
17:03:00,79
17:04:00,81
17:05:00,81
17:06:00,82
17:07:00,85
17:08:00,79
17:09:00,81
17:10:00,82
17:11:00,76
17:12:00,79
17:13:00,78
17:14:00,77
17:15:00,77
17:16:00,76
17:17:00,78
17:18:00,75
17:19:00,74
17:20:00,82
17:21:00,84
17:22:00,89
17:23:00,84
17:24:00,83
17:25:00,84
17:26:00,86
17:27:00,83
17:28:00,82
17:29:00,84
17:30:00,81
17:31:00,85
17:32:00,74
17:33:00,75
17:34:00,77
17:35:00,78
17:36:00,81
17:37:00,80
17:38:00,77
17:39:00,77
17:40:00,77
17:41:00,78
17:42:00,75
17:43:00,76
17:44:00,79
17:45:00,81
17:46:00,80
17:47:00,80
17:48:00,76
17:49:00,73
17:50:00,73
17:51:00,73
17:52:00,73
17:53:00,73
17:54:00,81
17:55:00,86
17:56:00,80
17:57:00,86
17:58:00,79
17:59:00,81
18:00:00,81
18:01:00,83
18:02:00,81
18:03:00,77
18:04:00,75
18:05:00,81
18:06:00,78
18:07:00,78
18:08:00,79
18:09:00,78
18:10:00,82
18:11:00,82
18:12:00,81
18:13:00,84
18:14:00,94
18:15:00,104
18:16:00,103
18:17:00,109
18:18:00,100
18:19:00,100
18:20:00,101
18:21:00,99
18:22:00,96
18:23:00,97
18:24:00,96
18:25:00,90
18:26:00,94
18:27:00,93
18:28:00,92
18:29:00,96
18:30:00,90
18:31:00,98
18:32:00,98
18:33:00,90
18:34:00,91
18:35:00,98
18:36:00,94
18:37:00,95
18:38:00,93
18:39:00,74
18:40:00,72
18:41:00,75
18:42:00,75
18:43:00,76
18:44:00,77
18:45:00,75
18:46:00,79
18:47:00,83
18:48:00,77
18:49:00,74
18:50:00,73
18:51:00,70
18:52:00,72
18:53:00,76
18:54:00,76
18:55:00,79
18:56:00,85
18:57:00,82
18:58:00,77
18:59:00,79
19:00:00,82
19:01:00,94
19:02:00,101
19:03:00,108
19:04:00,112
19:05:00,104
19:06:00,104
19:07:00,101
19:08:00,118
19:09:00,126
19:10:00,129
19:11:00,127
19:12:00,129
19:13:00,123
19:14:00,117
19:15:00,108
19:16:00,98
19:17:00,98
19:18:00,99
19:19:00,107
19:20:00,102
19:21:00,101
19:22:00,96
19:23:00,98
19:24:00,91
19:25:00,90
19:26:00,78
19:27:00,81
19:28:00,81
19:29:00,80
19:30:00,79
19:31:00,82
19:32:00,83
19:33:00,84
19:34:00,79
19:35:00,77
19:36:00,76
19:37:00,77
19:38:00,75
19:39:00,73
19:40:00,75
19:41:00,73
19:42:00,74
19:43:00,76
19:44:00,76
19:45:00,81
19:46:00,80
19:47:00,77
19:48:00,77
19:49:00,77
19:50:00,80
19:51:00,74
19:52:00,74
19:53:00,75
19:54:00,77
19:55:00,84
19:56:00,81
19:57:00,75
19:58:00,78
19:59:00,72
20:00:00,71
20:01:00,75
20:02:00,76
20:03:00,73
20:04:00,78
20:05:00,74
20:06:00,76
20:07:00,75
20:08:00,74
20:09:00,73
20:10:00,74
20:11:00,74
20:12:00,75
20:13:00,78
20:14:00,78
20:15:00,77
20:16:00,76
20:17:00,79
20:18:00,84
20:19:00,84
20:20:00,84
20:21:00,83
20:22:00,80
20:23:00,79
20:24:00,80
20:25:00,80
20:26:00,81
20:27:00,81
20:28:00,79
20:29:00,79
20:30:00,78
20:31:00,79
20:32:00,81
20:33:00,81
20:34:00,78
20:35:00,80
20:36:00,75
20:37:00,76
20:38:00,74
20:39:00,75
20:40:00,79
20:41:00,80
20:42:00,80
20:43:00,81
20:44:00,85
20:45:00,85
20:46:00,87
20:47:00,89
20:48:00,90
20:49:00,85
20:50:00,83
20:51:00,81
20:52:00,81
20:53:00,88
20:54:00,83
20:55:00,83
20:56:00,87
20:57:00,83
20:58:00,82
20:59:00,80
21:00:00,85
21:01:00,94
21:02:00,86
21:03:00,79
21:04:00,80
21:05:00,88
21:06:00,80
21:07:00,83
21:08:00,85
21:09:00,81
21:10:00,77
21:11:00,82
21:12:00,88
21:13:00,82
21:14:00,81
21:15:00,81
21:16:00,82
21:17:00,80
21:18:00,81
21:19:00,81
21:20:00,84
21:21:00,81
21:22:00,81
21:23:00,82
21:24:00,83
21:25:00,82
21:26:00,82
21:27:00,81
21:28:00,80
21:29:00,80
21:30:00,78
21:31:00,78
21:32:00,77
21:33:00,78
21:34:00,76
21:35:00,77
21:36:00,77
21:37:00,77
21:38:00,78
21:39:00,79
21:40:00,94
21:41:00,88
21:42:00,86
21:43:00,83
21:44:00,79
21:45:00,76
21:46:00,76
21:47:00,77
21:48:00,80
21:49:00,79
21:50:00,80
21:51:00,79
21:52:00,81
21:53:00,80
21:54:00,81
21:55:00,82
21:56:00,77
21:57:00,79
21:58:00,79
21:59:00,79
22:00:00,93
22:01:00,87
22:02:00,82
22:03:00,84
22:04:00,79
22:05:00,79
22:06:00,77
22:07:00,80
22:08:00,83
22:09:00,81
22:10:00,79
22:11:00,78
22:12:00,79
22:13:00,80
22:14:00,80
22:15:00,77
22:16:00,79
22:17:00,81
22:18:00,82
22:19:00,81
22:20:00,82
22:21:00,81
22:22:00,76
22:23:00,78
22:24:00,79
22:25:00,77
22:26:00,79
22:27:00,82
22:28:00,81
22:29:00,79
22:30:00,83
22:31:00,83
22:32:00,83
22:33:00,84
22:34:00,82
22:35:00,83
22:36:00,81
22:37:00,80
22:38:00,85
22:39:00,78
22:40:00,75
22:41:00,75
22:42:00,76
22:43:00,75
22:44:00,76
22:45:00,75
22:46:00,75
22:47:00,73
22:48:00,77
22:49:00,70
22:50:00,70
22:51:00,79
22:52:00,74
22:53:00,80
22:54:00,86
22:55:00,82
22:56:00,84
22:57:00,86
22:58:00,79
22:59:00,82
23:00:00,90
23:01:00,83
23:02:00,79
23:03:00,77
23:04:00,83
23:05:00,84
23:06:00,85
23:07:00,79
23:08:00,81
23:09:00,79
23:10:00,73
23:11:00,74
23:12:00,76
23:13:00,80
23:14:00,83
23:15:00,83
23:16:00,93
23:17:00,91
23:18:00,94
23:19:00,86
23:20:00,86
23:21:00,90
23:22:00,87
23:23:00,100
23:24:00,102
23:25:00,103
23:26:00,103
23:27:00,102
23:28:00,101
23:29:00,105
23:30:00,104
23:31:00,104
23:32:00,104
23:33:00,96
23:34:00,95
23:35:00,112
23:36:00,108
23:37:00,98
23:38:00,103
23:39:00,106
23:40:00,118
23:41:00,126
23:42:00,120
23:43:00,85
23:44:00,78
23:45:00,81
23:46:00,84
23:47:00,84
23:48:00,81
23:49:00,89
23:50:00,96
23:51:00,93
23:52:00,81
23:53:00,88
23:54:00,85
23:55:00,88
23:56:00,89
23:57:00,88
23:58:00,89
23:59:00,90
00:00:00,85
00:01:00,88
00:02:00,88
00:03:00,88
00:04:00,88
00:05:00,89
00:06:00,90
00:07:00,88
00:08:00,82
00:09:00,87
00:10:00,85
00:11:00,88
00:12:00,92
00:13:00,98
00:14:00,96
00:15:00,100
00:16:00,106
00:17:00,145
00:18:00,140
00:19:00,130
00:20:00,125
00:21:00,111
00:22:00,104
00:23:00,99
00:24:00,105
00:25:00,103
00:26:00,95
00:27:00,96
00:28:00,93
00:29:00,89
00:30:00,90
00:31:00,91
00:32:00,88
00:33:00,91
00:34:00,88
00:35:00,88
00:36:00,94
00:37:00,88
00:38:00,89
00:39:00,90
00:40:00,86
00:41:00,88
00:42:00,91
00:43:00,85
00:44:00,86
00:45:00,89
00:46:00,89
00:47:00,90
00:48:00,93
00:49:00,91
00:50:00,94
00:51:00,96
00:52:00,95
00:53:00,93
00:54:00,100
00:55:00,116
00:56:00,123
00:57:00,123
00:58:00,119
00:59:00,115
01:00:00,115
01:01:00,111
01:02:00,109
01:03:00,113
01:04:00,113
01:05:00,122
01:06:00,128
01:07:00,126
01:08:00,125
01:09:00,121
01:10:00,123
01:11:00,121
01:12:00,124
01:13:00,122
01:14:00,123
16:43:00,88
16:44:00,98
16:45:00,95
16:46:00,94
16:47:00,85
18:53:00,79
18:54:00,74
18:55:00,74
18:56:00,78
18:57:00,82
18:58:00,84
18:59:00,77
19:00:00,75
19:01:00,91
19:02:00,84
19:03:00,100
19:04:00,89
19:05:00,89
19:06:00,92
19:07:00,85
19:08:00,87
19:09:00,89
19:10:00,91
19:11:00,87
19:12:00,88
19:13:00,83
19:14:00,84
19:15:00,91
19:16:00,101
19:17:00,93
19:18:00,91
19:19:00,125
19:20:00,110
19:21:00,96
19:22:00,82
19:23:00,84
19:24:00,89
19:25:00,89
19:26:00,85
19:27:00,88
19:28:00,82
19:29:00,86
19:30:00,91
19:31:00,87
19:32:00,84
19:33:00,82
19:34:00,85
19:35:00,88
19:36:00,85
19:37:00,83
20:37:00,87
20:38:00,89
20:39:00,104
20:40:00,85
20:41:00,88
20:42:00,88
20:43:00,89
20:44:00,111
20:45:00,101
20:46:00,91
20:47:00,89
20:48:00,92
20:49:00,98
20:50:00,97
20:51:00,92
20:52:00,91
20:53:00,107
20:54:00,105
20:55:00,118
20:56:00,107
20:57:00,104
20:58:00,145
20:59:00,111
21:00:00,95
21:01:00,97
21:02:00,96
21:03:00,99
21:04:00,108
21:05:00,123
21:06:00,111
21:07:00,126
21:08:00,114
21:09:00,113
21:10:00,121
21:11:00,142
21:12:00,145
21:13:00,128
21:14:00,126
21:15:00,134
21:16:00,114
21:17:00,153
21:18:00,158
21:19:00,131
21:20:00,136
21:21:00,133
21:22:00,107
21:23:00,103
21:24:00,111
21:25:00,134
21:26:00,126
21:27:00,145
21:28:00,157
21:29:00,135
21:30:00,128
21:31:00,107
21:32:00,105
21:33:00,136
21:34:00,149
21:35:00,145
21:36:00,157
21:37:00,126
21:38:00,108
21:39:00,123
21:40:00,142
21:41:00,128
21:42:00,116
21:43:00,117
21:44:00,136
21:45:00,107
21:46:00,99
21:47:00,102
21:48:00,124
21:49:00,148
21:50:00,141
21:51:00,128
21:52:00,118
21:53:00,130
21:54:00,133
21:55:00,129
21:56:00,127
21:57:00,119
21:58:00,105
21:59:00,105
22:00:00,100
22:01:00,145
22:02:00,147
22:03:00,130
22:04:00,124
22:05:00,123
22:06:00,103
22:07:00,108
22:08:00,110
22:09:00,103
22:10:00,127
22:11:00,122
22:12:00,115
22:13:00,112
22:14:00,108
22:15:00,101
22:16:00,134
22:17:00,143
22:18:00,117
22:19:00,119
22:20:00,122
22:21:00,103
22:22:00,148
22:23:00,155
22:24:00,151
22:25:00,144
22:26:00,124
22:27:00,122
22:28:00,137
22:29:00,136
22:30:00,123
22:31:00,124
22:32:00,114
22:33:00,116
22:34:00,139
22:35:00,129
22:36:00,122
22:37:00,127
22:38:00,119
22:39:00,141
22:40:00,151
22:41:00,125
22:42:00,108
22:43:00,150
22:44:00,148
22:45:00,150
22:46:00,157
22:47:00,149
22:48:00,120
22:49:00,118
22:50:00,127
22:51:00,121
22:52:00,133
22:53:00,137
22:54:00,141
22:55:00,154
22:56:00,151
22:57:00,141
22:58:00,133
22:59:00,139
23:00:00,139
23:01:00,127
23:02:00,104
23:03:00,94
23:04:00,121
23:05:00,140
23:06:00,128
23:07:00,128
23:08:00,133
23:09:00,132
23:10:00,130
23:11:00,138
23:12:00,143
23:13:00,135
23:14:00,159
23:15:00,150
23:16:00,134
23:17:00,134
23:18:00,138
23:19:00,132
23:20:00,129
23:21:00,142
23:22:00,151
23:23:00,151
23:24:00,136
23:25:00,114
23:26:00,92
23:27:00,96
23:28:00,111
23:29:00,123
23:30:00,145
23:31:00,140
23:32:00,131
23:33:00,111
23:34:00,108
23:35:00,139
23:36:00,111
23:37:00,118
23:38:00,140
23:39:00,127
23:40:00,112
23:41:00,118
23:42:00,111
23:43:00,145
23:44:00,130
23:45:00,116
23:46:00,116
23:47:00,117
23:48:00,112
23:49:00,101
23:50:00,108
23:51:00,107
23:52:00,121
23:53:00,114
23:54:00,94
23:55:00,111
23:56:00,123
23:57:00,121
23:58:00,139
23:59:00,117
00:00:00,99
00:01:00,96
00:02:00,124
00:03:00,129
00:04:00,151
00:05:00,128
00:06:00,136
00:07:00,101
00:08:00,112
00:09:00,140
00:10:00,126
00:11:00,105
00:12:00,142
00:13:00,153
00:14:00,128
00:15:00,114
00:16:00,131
00:17:00,128
00:18:00,108
00:19:00,126
00:20:00,132
00:21:00,127
00:22:00,112
00:23:00,114
00:24:00,132
00:25:00,140
00:26:00,132
00:27:00,117
00:28:00,142
00:29:00,150
00:30:00,113
00:31:00,84
00:32:00,95
00:33:00,87
00:34:00,94
00:35:00,102
00:36:00,97
00:37:00,98
00:38:00,102
00:39:00,99
00:40:00,99
00:41:00,102
00:42:00,102
00:43:00,100
00:44:00,114
00:45:00,108
00:46:00,109
00:47:00,97
00:48:00,96
00:49:00,101
00:50:00,119
00:51:00,113
00:52:00,122
00:53:00,130
00:54:00,112
00:55:00,120
00:56:00,108
00:57:00,136
00:58:00,151
00:59:00,150
01:00:00,147
01:01:00,147
01:02:00,118
01:03:00,124
01:04:00,134
01:05:00,133
01:06:00,143
01:07:00,160
01:08:00,134
01:09:00,139
01:10:00,142
01:11:00,139
01:12:00,141
01:13:00,154
01:14:00,149
01:15:00,131
01:16:00,144
01:17:00,137
01:18:00,152
01:19:00,141
01:20:00,118
01:21:00,116
01:22:00,113
01:23:00,135
01:24:00,151
01:25:00,136
01:26:00,113
01:27:00,111
01:28:00,117
01:29:00,144
01:30:00,151
01:31:00,131
01:32:00,125
01:33:00,126
01:34:00,146
01:35:00,137
01:36:00,143
01:37:00,157
01:38:00,133
01:39:00,116
01:40:00,105
01:41:00,117
01:42:00,122
01:43:00,141
01:44:00,157
01:45:00,159
01:46:00,150
01:47:00,134
01:48:00,142
01:49:00,110
01:50:00,107
01:51:00,113
01:52:00,143
01:53:00,125
01:54:00,146
01:55:00,160
01:56:00,135
01:57:00,115
01:58:00,141
01:59:00,128
02:00:00,123
02:01:00,107
02:02:00,107
02:03:00,126
02:04:00,138
02:05:00,156
02:06:00,126
02:07:00,118
02:08:00,149
02:09:00,131
02:10:00,129
02:11:00,146
02:12:00,148
02:13:00,116
02:14:00,104
02:15:00,95
02:16:00,122
02:17:00,159
02:18:00,149
02:19:00,140
02:20:00,139
02:21:00,161
02:22:00,153
02:23:00,115
02:24:00,98
02:25:00,127
02:26:00,150
02:27:00,150
02:28:00,136
02:29:00,139
02:30:00,135
02:31:00,136
02:32:00,138
02:33:00,146
02:34:00,139
02:35:00,140
02:36:00,143
02:37:00,152
02:38:00,123
02:39:00,126
02:40:00,107
02:41:00,122
02:42:00,119
02:43:00,104
02:44:00,108
02:45:00,135
02:46:00,134
02:47:00,127
02:48:00,109
02:49:00,119
02:50:00,139
02:51:00,154
02:52:00,139
02:53:00,134
02:54:00,139
02:55:00,148
02:56:00,146
02:57:00,150
02:58:00,151
02:59:00,143
03:00:00,149
03:01:00,139
03:02:00,143
03:03:00,145
03:04:00,151
03:05:00,124
03:06:00,111
03:07:00,129
03:08:00,115
03:09:00,133
03:10:00,152
03:11:00,156
03:12:00,139
03:13:00,124
07:40:00,84
07:41:00,85
08:35:00,93
08:36:00,100
08:37:00,109
08:38:00,111
08:39:00,104
08:40:00,90
08:41:00,87
08:42:00,96
08:43:00,100
08:44:00,92
08:45:00,92
08:46:00,96
08:47:00,97
08:48:00,96
08:49:00,101
08:50:00,102
08:51:00,104
08:52:00,97
08:53:00,94
08:54:00,81
08:55:00,91
08:56:00,77
08:57:00,67
08:58:00,72
13:09:00,93
13:10:00,91
19:21:00,92
19:22:00,91
08:21:00,95
08:22:00,92
08:23:00,93
08:24:00,96
10:50:00,95
10:51:00,92
16:56:00,96
16:57:00,92
21:21:00,93
22:47:00,98
22:48:00,85
22:49:00,86
22:50:00,86
22:51:00,80
22:52:00,76
22:53:00,78
22:54:00,77
22:55:00,78
22:56:00,78
22:57:00,82
22:58:00,82
22:59:00,81
23:00:00,81
23:01:00,79
23:02:00,75
23:03:00,80
23:04:00,79
23:05:00,75
23:06:00,77
23:07:00,80
23:08:00,76
23:09:00,78
20:21:00,70
20:22:00,72
20:49:00,79
20:50:00,73
08:25:00,70
08:26:00,74
08:27:00,73
10:05:00,89
10:06:00,85
10:07:00,87
10:08:00,90
10:09:00,103
10:10:00,93
10:11:00,77
10:12:00,78
10:13:00,79
10:14:00,77
10:15:00,94
10:16:00,97
10:17:00,88
10:18:00,94
10:19:00,91
10:20:00,92
10:21:00,97
10:22:00,92
10:23:00,86
10:24:00,85
10:25:00,86
10:26:00,83
10:27:00,87
10:28:00,92
10:29:00,94
10:30:00,97
10:31:00,96
10:32:00,90
10:33:00,89
10:34:00,93
10:35:00,89
10:36:00,90
10:37:00,91
10:38:00,91
10:39:00,95
10:40:00,96
10:41:00,92
10:42:00,94
10:43:00,94
10:44:00,92
10:45:00,93
10:46:00,93
10:47:00,93
10:48:00,93
10:49:00,94
10:50:00,92
10:51:00,90
10:52:00,91
10:53:00,87
10:54:00,84
10:55:00,87
10:56:00,91
10:57:00,89
10:58:00,91
10:59:00,89
11:00:00,87
11:01:00,91
11:02:00,91
11:03:00,92
11:04:00,95
11:05:00,96
11:06:00,102
11:07:00,105
11:08:00,91
11:09:00,92
11:10:00,86
11:11:00,82
11:12:00,90
11:13:00,83
11:14:00,88
11:15:00,79
11:16:00,80
11:17:00,78
11:18:00,80
11:19:00,81
11:20:00,82
11:21:00,81
11:22:00,87
11:23:00,79
11:24:00,78
11:25:00,80
11:26:00,82
11:27:00,81
11:28:00,79
11:29:00,81
11:30:00,82
11:31:00,84
11:32:00,89
11:33:00,90
11:34:00,87
11:35:00,85
11:36:00,85
11:37:00,80
11:38:00,84
11:39:00,80
11:40:00,85
11:41:00,80
11:42:00,83
11:43:00,85
11:44:00,69
11:45:00,65
11:46:00,63
11:47:00,66
11:48:00,66
11:49:00,66
11:50:00,74
11:51:00,75
11:52:00,70
11:53:00,66
11:54:00,67
11:55:00,64
11:56:00,65
11:57:00,64
11:58:00,63
11:59:00,60
12:00:00,62
12:01:00,62
12:02:00,62
12:03:00,73
12:04:00,85
12:05:00,89
12:06:00,81
12:07:00,76
12:08:00,72
12:09:00,73
12:10:00,71
12:11:00,77
12:12:00,78
12:13:00,77
12:14:00,78
12:15:00,77
12:16:00,78
12:17:00,76
12:18:00,78
12:19:00,79
12:20:00,84
12:21:00,77
12:22:00,75
12:23:00,79
12:24:00,77
12:25:00,74
12:26:00,74
12:27:00,75
12:28:00,74
12:29:00,77
12:30:00,76
12:31:00,75
12:32:00,74
12:33:00,79
12:34:00,79
12:35:00,73
12:36:00,74
12:37:00,79
12:38:00,78
12:39:00,77
12:40:00,78
12:41:00,76
12:42:00,76
12:43:00,76
12:44:00,78
12:45:00,81
12:46:00,71
12:47:00,70
12:48:00,76
12:49:00,76
12:50:00,83
12:51:00,78
12:52:00,69
12:53:00,72
12:54:00,72
12:55:00,78
12:56:00,73
12:57:00,67
12:58:00,66
12:59:00,67
13:00:00,66
13:01:00,68
13:02:00,73
13:03:00,74
13:04:00,81
13:05:00,81
13:06:00,85
13:07:00,88
13:08:00,92
13:09:00,93
13:10:00,95
13:11:00,95
13:12:00,97
13:13:00,99
13:14:00,98
13:15:00,97
13:16:00,91
13:17:00,91
13:18:00,92
13:19:00,88
13:20:00,90
13:21:00,92
13:22:00,98
13:23:00,97
13:24:00,99
13:25:00,95
13:26:00,97
13:27:00,84
13:28:00,74
13:29:00,75
13:30:00,74
13:31:00,76
13:32:00,71
13:33:00,74
13:34:00,79
13:35:00,79
13:36:00,76
13:37:00,80
13:38:00,80
13:39:00,75
13:40:00,77
13:41:00,81
13:42:00,81
13:43:00,90
13:44:00,86
13:45:00,84
13:46:00,79
13:47:00,77
13:48:00,81
13:49:00,83
13:50:00,79
13:51:00,81
13:52:00,81
13:53:00,74
13:54:00,84
13:55:00,87
13:56:00,94
13:57:00,95
13:58:00,95
13:59:00,95
14:00:00,99
14:01:00,100
14:02:00,101
14:03:00,93
14:04:00,95
14:05:00,93
14:06:00,89
14:07:00,82
14:08:00,82
14:09:00,81
14:10:00,78
14:11:00,79
14:12:00,83
14:13:00,81
14:14:00,80
14:15:00,82
14:16:00,82
14:17:00,80
14:18:00,80
14:19:00,79
14:20:00,84
14:21:00,82
14:22:00,87
14:23:00,79
14:24:00,82
14:25:00,90
14:26:00,91
14:27:00,83
14:28:00,79
14:29:00,82
14:30:00,83
14:31:00,78
14:32:00,78
14:33:00,83
14:34:00,84
14:35:00,85
14:36:00,87
14:37:00,76
14:38:00,80
14:39:00,85
14:40:00,70
14:41:00,77
14:42:00,76
14:43:00,71
14:44:00,73
14:45:00,77
14:46:00,71
14:47:00,76
14:48:00,77
14:49:00,75
14:50:00,79
14:51:00,74
14:52:00,74
14:53:00,77
14:54:00,80
14:55:00,71
14:56:00,73
14:57:00,74
14:58:00,72
14:59:00,71
15:00:00,72
15:01:00,74
15:02:00,75
15:03:00,71
15:04:00,78
15:05:00,76
15:06:00,72
15:07:00,72
15:08:00,72
15:09:00,73
15:10:00,76
15:11:00,74
15:12:00,73
15:13:00,73
15:14:00,85
15:15:00,85
15:16:00,80
15:17:00,78
15:18:00,74
15:19:00,79
15:20:00,80
15:21:00,75
15:22:00,73
15:23:00,77
15:24:00,77
15:25:00,77
15:26:00,75
15:27:00,79
15:28:00,76
15:29:00,78
15:30:00,79
15:31:00,76
15:32:00,83
15:33:00,77
15:34:00,72
15:35:00,74
15:36:00,75
15:37:00,74
15:38:00,78
15:39:00,73
15:40:00,75
15:41:00,73
15:42:00,77
15:43:00,73
15:44:00,73
15:45:00,70
15:46:00,73
15:47:00,71
15:48:00,72
15:49:00,72
15:50:00,79
15:51:00,76
15:52:00,76
15:53:00,75
15:54:00,74
15:55:00,75
15:56:00,72
15:57:00,71
15:58:00,75
15:59:00,74
16:00:00,81
16:01:00,83
16:02:00,83
16:03:00,78
16:04:00,92
16:05:00,95
16:06:00,91
16:07:00,89
16:08:00,72
16:09:00,72
16:10:00,72
16:11:00,72
16:12:00,74
16:13:00,71
16:14:00,72
16:15:00,74
16:16:00,76
16:17:00,82
16:18:00,81
16:19:00,74
16:20:00,75
16:21:00,83
16:22:00,85
16:23:00,80
16:24:00,77
16:25:00,77
16:26:00,78
16:27:00,77
16:30:00,83
16:31:00,87
16:32:00,86
16:33:00,81
16:34:00,86
16:35:00,89
16:36:00,86
16:37:00,85
16:38:00,103
16:39:00,88
16:40:00,83
16:41:00,88
16:42:00,90
16:43:00,105
16:44:00,93
16:45:00,91
16:46:00,92
16:47:00,90
16:48:00,97
16:49:00,107
16:50:00,68
16:51:00,72
16:52:00,71
16:53:00,70
16:54:00,72
16:55:00,75
16:56:00,77
16:58:00,185
16:59:00,192
17:00:00,189
17:01:00,183
17:02:00,186
17:03:00,191
17:04:00,193
17:05:00,185
17:07:00,163
17:08:00,166
17:09:00,147
17:10:00,125
17:11:00,114
17:12:00,141
17:13:00,142
17:14:00,144
17:15:00,160
17:16:00,159
17:17:00,133
17:18:00,100
17:19:00,126
17:20:00,133
17:21:00,156
17:22:00,127
17:23:00,104
17:24:00,124
17:25:00,156
17:26:00,133
17:27:00,144
17:28:00,141
17:29:00,111
17:30:00,104
17:31:00,142
17:32:00,118
17:33:00,121
17:34:00,152
17:35:00,153
17:36:00,151
17:37:00,147
17:38:00,146
17:39:00,156
17:40:00,158
17:41:00,143
17:42:00,158
17:43:00,144
17:44:00,125
17:45:00,136
17:46:00,136
17:47:00,131
17:48:00,121
17:49:00,133
17:50:00,150
17:51:00,132
17:52:00,130
17:53:00,90
17:54:00,75
17:55:00,83
17:56:00,106
17:57:00,123
17:58:00,146
17:59:00,154
18:00:00,157
18:01:00,152
18:02:00,147
18:03:00,139
18:05:00,91
18:06:00,83
18:07:00,82
18:08:00,83
18:09:00,81
18:10:00,81
18:11:00,80
18:12:00,80
18:13:00,80
18:14:00,80
18:15:00,83
18:16:00,91
18:17:00,86
18:18:00,83
18:19:00,80
18:20:00,85
18:21:00,83
18:22:00,81
18:23:00,83
18:24:00,84
18:25:00,87
18:26:00,94
18:27:00,101
18:28:00,88
18:29:00,87
18:30:00,85
18:31:00,82
18:32:00,86
18:33:00,91
18:34:00,99
18:35:00,86
18:36:00,85
19:21:00,92
19:22:00,108
19:23:00,115
19:24:00,120
19:25:00,123
19:26:00,111
19:27:00,116
19:28:00,140
19:29:00,144
19:30:00,125
19:31:00,100
19:32:00,94
19:33:00,87
19:34:00,90
19:35:00,85
19:36:00,80
19:37:00,84
19:38:00,85
19:39:00,86
19:40:00,88
19:41:00,96
19:42:00,113
19:43:00,118
19:44:00,121
19:45:00,122
19:46:00,114
19:47:00,114
19:48:00,111
19:49:00,107
19:50:00,108
19:51:00,102
19:52:00,99
19:53:00,99
19:54:00,98
19:55:00,98
19:56:00,101
19:57:00,91
19:58:00,87
19:59:00,83
20:00:00,86
20:01:00,91
20:02:00,98
20:03:00,103
20:04:00,112
20:05:00,109
20:06:00,105
20:07:00,103
20:08:00,99
20:09:00,109
20:10:00,115
20:11:00,114
20:12:00,106
20:13:00,108
20:14:00,115
20:15:00,107
20:16:00,103
20:17:00,100
20:18:00,109
20:19:00,108
20:20:00,114
20:21:00,111
20:22:00,114
20:23:00,108
20:24:00,103
20:25:00,108
20:26:00,113
20:27:00,106
20:28:00,104
20:29:00,105
20:30:00,101
20:31:00,92
20:32:00,96
20:33:00,91
20:34:00,88
20:35:00,89
20:36:00,85
20:37:00,90
20:38:00,92
20:39:00,90
20:40:00,88
20:41:00,87
20:42:00,84
20:43:00,85
20:44:00,85
20:45:00,85
20:46:00,92
20:47:00,109
20:48:00,115
20:49:00,111
20:50:00,108
20:51:00,121
20:52:00,132
20:53:00,135
20:54:00,131
20:55:00,127
20:56:00,120
20:57:00,116
20:58:00,112
20:59:00,108
21:00:00,111
21:01:00,114
21:02:00,114
21:03:00,113
21:04:00,110
21:05:00,104
21:06:00,98
08:59:00,93
09:00:00,100
09:01:00,102
09:02:00,101
09:03:00,104
09:04:00,103
09:05:00,106
09:06:00,101
09:07:00,97
09:08:00,98
09:09:00,103
09:10:00,96
09:11:00,95
09:12:00,98
09:13:00,100
09:14:00,98
09:15:00,99
09:16:00,101
09:17:00,99
09:18:00,102
09:19:00,97
09:20:00,94
09:21:00,96
09:22:00,93
09:23:00,97
09:24:00,90
09:25:00,90
09:26:00,90
09:27:00,92
09:28:00,92
09:29:00,91
09:30:00,89
09:31:00,94
09:32:00,93
09:33:00,102
09:34:00,97
09:35:00,98
09:36:00,98
09:37:00,94
09:38:00,94
09:39:00,95
09:40:00,96
09:41:00,95
09:42:00,99
09:43:00,95
09:44:00,96
09:45:00,97
09:46:00,99
09:47:00,97
09:48:00,96
09:49:00,100
09:50:00,101
09:51:00,98
09:52:00,87
09:53:00,81
09:54:00,86
09:55:00,92
09:56:00,88
09:57:00,89
09:58:00,87
09:59:00,96
10:00:00,92
10:01:00,90
10:02:00,92
10:03:00,89
10:04:00,90
10:05:00,88
10:06:00,86
10:07:00,85
10:08:00,89
10:09:00,86
10:10:00,88
10:11:00,87
10:12:00,91
10:13:00,86
10:14:00,90
10:15:00,91
10:16:00,90
10:17:00,86
10:18:00,86
10:19:00,90
10:20:00,89
10:21:00,88
10:22:00,87
10:23:00,88
10:24:00,89
10:25:00,93
10:26:00,92
10:27:00,91
10:28:00,94
10:29:00,93
10:30:00,95
10:31:00,93
10:32:00,91
10:33:00,88
10:34:00,87
10:35:00,87
10:36:00,87
10:37:00,86
10:38:00,92
10:39:00,88
10:40:00,90
10:41:00,90
10:42:00,92
10:43:00,91
10:44:00,89
10:45:00,89
10:46:00,89
10:47:00,82
10:48:00,81
10:49:00,83
10:50:00,80
10:51:00,81
10:52:00,79
10:53:00,84
10:54:00,95
10:55:00,97
10:56:00,100
10:57:00,97
10:58:00,96
10:59:00,89
11:00:00,86
11:01:00,88
11:02:00,91
11:03:00,94
11:04:00,98
11:05:00,103
11:06:00,108
11:07:00,106
11:08:00,99
11:09:00,99
11:10:00,94
11:11:00,96
11:12:00,78
11:13:00,74
11:14:00,73
11:15:00,72
11:16:00,72
11:17:00,75
11:18:00,77
11:19:00,75
11:20:00,77
11:21:00,86
11:22:00,85
11:23:00,80
11:24:00,82
11:25:00,81
11:26:00,81
11:27:00,85
11:28:00,87
11:29:00,89
11:30:00,87
11:31:00,86
11:32:00,88
11:33:00,87
11:34:00,91
11:35:00,89
11:36:00,80
11:37:00,79
11:38:00,81
11:39:00,83
11:40:00,82
11:41:00,84
11:42:00,83
11:43:00,86
11:44:00,86
11:45:00,89
11:46:00,92
11:47:00,94
11:48:00,96
11:49:00,94
11:50:00,91
11:51:00,87
11:52:00,88
11:53:00,89
11:54:00,89
11:55:00,88
11:56:00,88
11:57:00,84
11:58:00,89
11:59:00,93
12:00:00,93
12:01:00,93
12:02:00,93
12:03:00,95
12:04:00,95
12:05:00,102
12:06:00,107
12:07:00,105
12:08:00,107
12:09:00,106
12:10:00,93
12:11:00,85
12:12:00,84
12:13:00,88
12:14:00,89
12:15:00,89
12:16:00,84
12:17:00,82
12:18:00,88
12:19:00,84
12:20:00,87
12:21:00,86
12:22:00,86
12:23:00,84
12:24:00,84
12:25:00,81
12:26:00,85
12:27:00,85
12:28:00,85
12:29:00,86
12:30:00,86
12:31:00,84
12:32:00,90
12:33:00,95
12:34:00,96
12:35:00,89
12:36:00,97
12:37:00,93
12:38:00,89
12:39:00,87
12:40:00,88
12:41:00,88
12:42:00,91
12:43:00,96
12:44:00,100
12:45:00,97
12:46:00,98
12:47:00,94
12:48:00,92
12:49:00,81
12:50:00,75
12:51:00,80
12:52:00,76
12:53:00,79
12:54:00,78
12:55:00,77
12:56:00,78
12:57:00,80
12:58:00,78
12:59:00,81
13:00:00,77
13:01:00,81
13:02:00,78
13:03:00,78
13:04:00,80
13:05:00,81
13:06:00,80
13:07:00,82
13:08:00,84
13:09:00,93
13:10:00,99
13:11:00,101
13:12:00,106
13:13:00,103
13:14:00,96
13:15:00,75
13:16:00,70
13:17:00,71
13:18:00,71
13:19:00,71
13:20:00,73
13:21:00,75
13:22:00,72
13:23:00,72
13:24:00,68
13:25:00,71
13:26:00,71
13:27:00,74
13:28:00,76
13:29:00,72
13:30:00,86
13:31:00,91
13:32:00,89
13:33:00,92
13:34:00,89
13:35:00,83
13:36:00,88
13:37:00,88
13:38:00,87
13:39:00,89
13:40:00,95
13:41:00,99
13:42:00,99
13:43:00,100
13:44:00,99
13:45:00,99
13:46:00,102
13:47:00,100
13:48:00,103
13:49:00,103
13:50:00,101
13:51:00,105
13:52:00,107
13:53:00,104
13:54:00,96
13:55:00,99
13:56:00,97
13:57:00,97
13:58:00,94
13:59:00,84
14:00:00,85
14:01:00,83
14:02:00,87
14:03:00,96
14:04:00,91
14:05:00,98
14:06:00,98
14:07:00,97
14:08:00,94
14:09:00,87
14:10:00,88
14:11:00,86
14:12:00,86
14:13:00,85
14:14:00,91
14:15:00,85
14:16:00,88
14:17:00,89
14:18:00,91
14:19:00,90
14:20:00,90
14:21:00,89
14:22:00,91
14:23:00,91
14:24:00,88
14:25:00,88
14:26:00,84
14:27:00,82
14:28:00,84
14:29:00,83
14:30:00,86
14:31:00,85
14:32:00,85
14:33:00,83
14:34:00,84
14:35:00,88
14:36:00,88
14:37:00,88
14:38:00,85
14:39:00,92
14:40:00,94
14:41:00,96
14:42:00,97
14:43:00,85
14:44:00,85
14:45:00,81
14:46:00,82
14:47:00,84
14:48:00,78
14:49:00,85
14:50:00,76
14:51:00,75
14:52:00,76
14:53:00,74
14:54:00,76
14:55:00,75
14:56:00,74
14:57:00,78
14:58:00,75
14:59:00,77
15:00:00,77
15:01:00,78
15:02:00,77
15:03:00,80
15:04:00,82
15:05:00,78
15:06:00,76
15:07:00,75
15:08:00,76
15:09:00,75
15:10:00,74
15:11:00,74
15:12:00,75
15:13:00,73
15:14:00,75
15:15:00,73
15:16:00,79
15:17:00,81
15:18:00,73
15:19:00,76
15:20:00,76
15:21:00,76
15:22:00,77
15:23:00,80
15:24:00,74
15:25:00,75
15:26:00,76
15:27:00,72
15:28:00,72
15:29:00,75
15:30:00,73
15:31:00,73
15:32:00,75
15:33:00,75
15:34:00,75
15:35:00,74
15:36:00,73
15:37:00,74
15:38:00,74
15:39:00,74
15:40:00,74
15:41:00,75
15:42:00,75
15:43:00,76
15:44:00,75
15:45:00,76
15:46:00,77
15:47:00,77
15:48:00,76
15:49:00,77
15:50:00,77
15:51:00,77
15:52:00,81
15:53:00,76
15:54:00,76
15:55:00,77
15:56:00,76
15:57:00,76
15:58:00,78
15:59:00,75
16:00:00,76
16:01:00,87
16:02:00,77
16:03:00,78
16:04:00,77
16:05:00,79
16:06:00,74
16:07:00,76
16:08:00,77
16:09:00,77
16:10:00,76
16:11:00,78
16:12:00,78
16:13:00,75
16:14:00,78
16:15:00,76
16:16:00,79
16:17:00,76
16:18:00,77
16:19:00,77
16:20:00,78
16:21:00,78
16:22:00,80
16:23:00,79
16:24:00,80
16:25:00,80
16:26:00,79
16:27:00,75
16:28:00,76
16:29:00,76
16:30:00,78
16:31:00,76
16:32:00,79
16:33:00,79
16:34:00,78
16:35:00,81
16:36:00,79
16:37:00,78
16:38:00,75
16:39:00,77
16:40:00,98
16:41:00,90
16:42:00,87
16:43:00,83
16:44:00,80
16:45:00,76
16:46:00,76
16:47:00,73
16:48:00,72
16:49:00,72
16:50:00,72
16:51:00,74
16:52:00,74
16:53:00,75
16:54:00,72
16:55:00,74
16:56:00,75
16:57:00,74
16:58:00,77
16:59:00,75
17:00:00,77
17:01:00,75
17:02:00,74
17:03:00,91
17:04:00,79
17:05:00,75
17:06:00,73
17:07:00,72
17:08:00,70
17:09:00,71
17:10:00,72
17:11:00,71
17:12:00,71
17:13:00,72
17:14:00,71
17:15:00,72
17:16:00,76
17:17:00,85
17:18:00,76
17:19:00,76
17:20:00,76
17:21:00,76
17:22:00,76
17:23:00,76
17:24:00,77
17:25:00,74
17:26:00,77
17:27:00,74
17:28:00,75
17:29:00,84
17:30:00,80
17:31:00,71
17:32:00,72
17:33:00,73
17:34:00,72
17:35:00,72
17:36:00,71
17:37:00,73
17:38:00,73
17:39:00,71
17:40:00,73
17:41:00,73
17:42:00,73
17:43:00,72
17:44:00,72
17:45:00,68
17:46:00,71
17:47:00,70
17:48:00,70
17:49:00,70
17:50:00,70
17:51:00,69
17:52:00,70
17:53:00,85
17:54:00,71
17:55:00,71
17:56:00,70
17:57:00,71
17:58:00,71
17:59:00,71
18:00:00,72
18:01:00,72
18:02:00,73
18:03:00,76
18:04:00,76
18:05:00,74
18:06:00,75
18:07:00,74
18:08:00,78
18:09:00,73
18:10:00,73
18:11:00,78
18:12:00,75
18:13:00,78
18:14:00,78
18:15:00,69
18:16:00,67
18:17:00,68
18:18:00,78
18:19:00,72
18:20:00,73
18:21:00,73
18:22:00,73
18:23:00,72
18:24:00,72
18:25:00,72
18:26:00,71
18:27:00,70
18:28:00,71
18:29:00,72
18:30:00,72
18:31:00,71
18:32:00,68
18:33:00,67
18:34:00,68
18:35:00,69
18:36:00,67
18:37:00,66
18:38:00,66
18:39:00,66
18:40:00,67
18:41:00,66
18:42:00,67
18:43:00,65
18:44:00,67
18:45:00,67
18:46:00,65
18:47:00,67
18:48:00,67
18:49:00,66
18:50:00,65
18:51:00,67
18:52:00,66
18:53:00,67
18:54:00,67
18:55:00,65
18:56:00,66
18:57:00,77
18:58:00,65
18:59:00,66
19:00:00,66
19:01:00,66
19:02:00,66
19:03:00,66
19:04:00,64
19:05:00,66
19:06:00,75
19:07:00,87
19:08:00,71
19:09:00,71
19:10:00,68
19:11:00,68
19:12:00,69
19:13:00,67
19:14:00,67
19:15:00,66
19:16:00,65
19:17:00,67
19:18:00,69
19:19:00,66
19:20:00,69
19:21:00,69
19:22:00,69
19:23:00,67
19:24:00,66
19:25:00,66
19:26:00,67
19:27:00,67
19:28:00,65
19:29:00,67
19:30:00,67
19:31:00,67
19:32:00,69
19:33:00,70
19:34:00,71
19:35:00,69
19:36:00,71
19:37:00,70
19:38:00,69
19:39:00,71
19:40:00,76
19:41:00,68
19:42:00,71
19:43:00,68
19:44:00,70
19:45:00,72
19:46:00,67
19:47:00,70
19:48:00,69
19:49:00,67
19:50:00,69
19:51:00,72
19:52:00,68
19:53:00,75
19:54:00,70
19:55:00,69
19:56:00,68
19:57:00,70
19:58:00,73
19:59:00,77
20:00:00,72
20:01:00,66
20:02:00,66
20:03:00,68
20:04:00,68
20:05:00,67
20:06:00,68
20:07:00,69
20:08:00,68
20:09:00,67
20:10:00,67
20:11:00,67
20:12:00,67
20:13:00,66
20:14:00,66
20:15:00,66
20:16:00,65
20:17:00,67
20:18:00,66
20:19:00,68
20:20:00,68
20:21:00,67
20:22:00,65
20:23:00,64
20:24:00,64
20:25:00,65
20:26:00,64
20:27:00,64
20:28:00,64
20:29:00,64
20:30:00,64
20:31:00,64
20:32:00,64
20:33:00,64
20:34:00,63
20:35:00,65
20:36:00,66
20:37:00,64
20:38:00,65
20:39:00,64
20:40:00,65
20:41:00,70
20:42:00,66
20:43:00,70
20:44:00,64
20:45:00,64
20:46:00,65
20:47:00,64
20:48:00,65
20:49:00,63
20:50:00,64
20:51:00,62
20:52:00,64
20:53:00,67
20:54:00,72
20:55:00,68
20:56:00,66
20:57:00,64
20:58:00,65
20:59:00,66
21:00:00,65
21:01:00,64
21:02:00,64
21:03:00,67
21:04:00,69
21:05:00,66
21:06:00,63
21:07:00,66
21:08:00,67
21:09:00,65
21:10:00,68
21:11:00,66
21:12:00,68
21:13:00,72
21:14:00,69
21:15:00,69
21:16:00,70
21:17:00,72
21:18:00,72
21:19:00,71
21:20:00,70
21:21:00,71
21:22:00,72
21:23:00,71
21:24:00,74
21:25:00,70
21:26:00,72
21:27:00,68
21:28:00,68
21:29:00,69
21:30:00,72
21:31:00,70
21:32:00,69
21:33:00,73
21:34:00,71
21:35:00,71
21:36:00,70
21:37:00,70
21:38:00,74
21:39:00,70
21:40:00,73
21:41:00,70
21:42:00,74
21:43:00,72
21:44:00,74
21:45:00,71
21:46:00,71
21:47:00,76
21:48:00,74
21:49:00,72
21:50:00,71
21:51:00,66
21:52:00,65
21:53:00,66
21:54:00,63
21:55:00,64
21:56:00,68
21:57:00,69
21:58:00,65
21:59:00,67
22:00:00,70
22:01:00,64
22:02:00,73
22:03:00,73
22:04:00,69
22:05:00,74
22:06:00,76
22:07:00,72
22:08:00,68
22:13:00,67
01:06:00,67
11:04:00,67
13:35:00,78
13:36:00,84
13:37:00,88
13:38:00,92
13:39:00,100
13:40:00,105
13:41:00,117
13:42:00,113
13:43:00,103
13:44:00,94
13:45:00,82
13:46:00,96
13:47:00,107
13:48:00,98
13:49:00,92
13:50:00,86
13:51:00,88
13:52:00,91
13:53:00,91
13:54:00,91
13:55:00,97
13:56:00,92
13:57:00,88
13:58:00,86
13:59:00,87
14:00:00,90
14:01:00,91
14:02:00,92
14:03:00,97
14:04:00,99
14:05:00,106
14:06:00,107
14:07:00,112
14:08:00,125
14:09:00,122
14:10:00,110
14:11:00,111
14:12:00,116
14:13:00,118
14:14:00,119
14:15:00,115
15:53:00,80
15:54:00,83
15:55:00,81
15:56:00,80
15:57:00,83
16:00:00,84
16:01:00,88
16:20:00,107
16:21:00,105
16:22:00,98
16:23:00,102
16:24:00,114
16:25:00,113
16:26:00,108
16:27:00,115
16:28:00,117
16:29:00,113
16:30:00,109
16:31:00,109
16:32:00,108
16:33:00,111
16:34:00,109
16:35:00,107
16:36:00,105
16:37:00,108
16:38:00,103
16:39:00,118
16:40:00,123
16:41:00,117
16:42:00,110
16:43:00,97
16:44:00,100
16:45:00,95
16:46:00,96
16:47:00,90
16:48:00,85
16:49:00,89
16:50:00,104
16:51:00,112
16:52:00,104
16:53:00,96
16:54:00,94
16:55:00,93
16:56:00,97
16:57:00,96
16:58:00,96
16:59:00,92
17:00:00,81
17:01:00,79
17:02:00,77
17:03:00,75
17:04:00,77
17:05:00,76
17:06:00,81
17:07:00,88
17:08:00,95
17:09:00,98
17:10:00,98
17:11:00,106
17:12:00,105
17:13:00,108
17:14:00,112
17:15:00,106
17:16:00,100
17:17:00,98
17:18:00,106
17:19:00,106
17:20:00,106
17:21:00,105
17:22:00,102
17:23:00,103
17:24:00,103
17:25:00,101
17:26:00,106
17:27:00,107
17:28:00,100
17:29:00,80
17:30:00,78
17:31:00,82
17:32:00,82
17:33:00,82
17:34:00,85
17:35:00,79
17:36:00,77
17:37:00,77
17:38:00,77
17:39:00,77
17:40:00,79
17:41:00,78
17:42:00,83
17:43:00,84
17:44:00,90
17:45:00,76
17:46:00,80
17:47:00,91
17:48:00,77
17:49:00,76
17:50:00,76
17:51:00,73
17:52:00,74
17:53:00,78
17:54:00,76
17:55:00,77
17:56:00,76
17:57:00,84
17:58:00,83
17:59:00,75
18:00:00,73
18:01:00,75
18:02:00,73
18:03:00,70
18:04:00,70
18:05:00,71
18:06:00,70
18:07:00,68
18:08:00,69
18:09:00,69
18:10:00,71
18:11:00,76
18:12:00,69
18:13:00,69
18:14:00,71
18:15:00,70
18:16:00,66
18:17:00,74
18:18:00,76
18:19:00,76
18:20:00,73
18:21:00,72
18:22:00,70
18:23:00,70
18:24:00,71
18:25:00,69
18:26:00,69
18:27:00,71
18:28:00,74
18:29:00,70
18:30:00,72
18:31:00,74
18:32:00,80
18:33:00,75
18:34:00,69
18:35:00,72
18:36:00,72
18:37:00,73
18:38:00,72
18:39:00,72
18:40:00,73
18:41:00,72
18:42:00,77
18:43:00,75
18:44:00,76
18:45:00,78
18:46:00,75
18:47:00,75
18:48:00,77
18:49:00,73
18:50:00,74
18:51:00,73
18:52:00,76
18:53:00,75
18:54:00,73
18:55:00,75
18:56:00,74
18:57:00,73
18:58:00,74
18:59:00,72
19:00:00,75
19:01:00,77
19:02:00,74
19:03:00,72
19:04:00,69
19:05:00,68
19:06:00,70
19:07:00,69
19:08:00,70
19:09:00,69
19:10:00,71
19:11:00,71
19:12:00,72
19:13:00,71
19:14:00,75
19:15:00,70
19:16:00,71
19:17:00,72
19:18:00,74
19:19:00,73
19:20:00,74
19:21:00,72
19:22:00,73
19:23:00,75
19:24:00,77
19:25:00,74
19:26:00,72
19:27:00,72
19:28:00,72
19:29:00,81
19:30:00,81
19:31:00,78
19:32:00,81
19:33:00,75
19:34:00,77
19:35:00,89
19:36:00,86
19:37:00,85
19:38:00,80
19:39:00,77
19:40:00,83
19:41:00,78
19:42:00,75
19:43:00,77
19:44:00,73
19:45:00,74
19:46:00,75
19:47:00,74
19:48:00,74
19:49:00,74
19:50:00,75
19:51:00,70
19:52:00,70
19:53:00,71
19:54:00,73
19:55:00,73
19:56:00,71
19:57:00,71
19:58:00,71
19:59:00,76
20:00:00,78
20:01:00,80
20:02:00,81
20:03:00,81
20:04:00,75
20:05:00,80
20:06:00,83
20:07:00,82
20:08:00,80
20:09:00,81
20:10:00,83
20:11:00,85
20:12:00,86
20:13:00,84
20:14:00,86
20:15:00,94
20:16:00,110
20:17:00,114
20:18:00,110
20:19:00,111
20:20:00,107
20:21:00,107
20:22:00,114
20:23:00,107
20:24:00,110
20:25:00,112
20:26:00,107
20:27:00,99
20:28:00,104
20:29:00,105
20:30:00,114
20:31:00,115
20:32:00,114
20:33:00,103
20:34:00,108
20:35:00,95
20:36:00,93
20:37:00,86
20:38:00,92
20:39:00,93
20:40:00,91
20:41:00,91
20:42:00,96
20:43:00,98
20:44:00,101
20:45:00,106
20:46:00,113
20:47:00,105
20:48:00,107
20:49:00,96
20:50:00,96
20:51:00,91
20:52:00,93
20:53:00,96
20:54:00,94
20:55:00,93
20:56:00,87
20:57:00,91
20:58:00,90
20:59:00,88
21:00:00,92
21:01:00,102
21:02:00,106
21:03:00,112
21:04:00,113
21:05:00,101
21:06:00,112
21:07:00,106
21:08:00,108
21:09:00,105
21:10:00,102
21:11:00,104
21:12:00,102
21:13:00,102
21:14:00,111
21:15:00,99
21:16:00,103
21:17:00,101
21:18:00,102
21:19:00,97
21:20:00,100
21:21:00,92
21:22:00,89
21:23:00,88
21:24:00,83
21:25:00,84
21:26:00,79
21:27:00,78
21:28:00,80
21:29:00,79
21:30:00,81
21:31:00,81
21:32:00,91
21:33:00,95
21:34:00,92
21:35:00,86
16:59:00,83
17:34:00,109
17:35:00,103
17:36:00,100
17:37:00,98
17:38:00,97
17:39:00,100
17:40:00,87
17:41:00,84
17:42:00,83
20:15:00,99
20:16:00,97
08:12:00,93
13:36:00,99
13:37:00,90
13:38:00,95
16:12:00,97
16:13:00,95
09:43:00,94
09:44:00,90
09:45:00,92
09:46:00,93
09:47:00,93
09:48:00,84
09:49:00,83
09:50:00,103
09:51:00,125
09:52:00,98
09:53:00,88
09:54:00,85
09:55:00,78
09:56:00,82
09:57:00,105
09:58:00,88
09:59:00,83
10:00:00,86
10:01:00,85
10:02:00,94
10:03:00,91
10:04:00,89
10:05:00,90
10:06:00,84
10:07:00,85
10:08:00,88
10:09:00,95
10:10:00,99
10:11:00,94
10:12:00,93
10:13:00,81
10:14:00,112
10:15:00,104
10:16:00,110
10:17:00,100
10:18:00,101
10:19:00,97
10:20:00,99
10:21:00,94
10:22:00,116
10:23:00,101
10:24:00,92
10:25:00,92
10:26:00,96
10:27:00,94
10:28:00,99
10:29:00,109
10:30:00,98
10:31:00,94
10:32:00,100
10:33:00,95
10:34:00,87
10:35:00,97
10:36:00,99
10:37:00,109
10:38:00,125
10:39:00,103
10:40:00,99
10:41:00,120
10:42:00,126
10:43:00,130
10:44:00,127
10:45:00,98
10:46:00,100
10:47:00,111
10:48:00,144
10:49:00,137
10:50:00,123
10:51:00,134
10:52:00,155
10:53:00,154
10:54:00,152
10:55:00,138
10:56:00,142
10:57:00,141
10:58:00,138
10:59:00,113
11:00:00,106
11:01:00,121
11:02:00,137
11:03:00,144
11:04:00,129
11:05:00,113
11:06:00,94
11:07:00,95
11:08:00,97
11:09:00,102
11:10:00,103
11:11:00,123
11:12:00,138
11:13:00,136
11:14:00,138
11:15:00,141
11:16:00,152
11:17:00,154
11:18:00,161
11:19:00,151
11:20:00,148
11:21:00,131
11:22:00,139
11:23:00,150
11:24:00,134
11:25:00,136
11:26:00,107
11:27:00,129
11:28:00,137
11:29:00,150
11:30:00,145
11:31:00,146
11:32:00,144
11:33:00,150
11:34:00,156
11:35:00,141
11:36:00,124
11:37:00,148
11:38:00,131
11:39:00,154
11:40:00,151
11:41:00,146
11:42:00,130
11:43:00,146
11:44:00,149
11:45:00,140
11:46:00,133
11:47:00,135
11:48:00,134
11:49:00,147
11:50:00,146
11:51:00,147
11:52:00,150
11:53:00,145
11:54:00,122
11:55:00,125
11:56:00,125
11:57:00,143
11:58:00,118
11:59:00,113
17:19:00,107
17:20:00,126
17:21:00,114
17:22:00,115
17:23:00,130
17:24:00,92
17:25:00,87
17:26:00,86
17:27:00,92
17:28:00,113
17:29:00,106
17:30:00,95
17:31:00,84
17:32:00,75
17:33:00,74
17:34:00,75
17:35:00,77
17:36:00,77
17:37:00,79
17:38:00,79
17:39:00,81
17:40:00,87
17:41:00,87
17:42:00,92
17:43:00,103
17:44:00,85
17:45:00,81
17:46:00,72
17:47:00,69
17:48:00,64
17:49:00,70
17:50:00,81
17:51:00,77
17:52:00,77
17:53:00,85
17:54:00,88
17:55:00,88
17:56:00,87
17:57:00,90
17:58:00,86
17:59:00,92
18:00:00,93
18:01:00,89
18:02:00,87
18:03:00,81
18:04:00,83
18:05:00,72
18:06:00,73
18:07:00,75
18:08:00,77
18:09:00,83
18:10:00,86
18:11:00,85
18:12:00,84
18:13:00,84
18:14:00,86
18:15:00,92
18:16:00,92
18:17:00,93
18:18:00,89
18:55:00,96
18:56:00,100
18:57:00,77
18:58:00,68
18:59:00,61
19:00:00,69
19:01:00,73
19:02:00,69
19:03:00,70
19:04:00,77
19:05:00,91
19:06:00,95
19:07:00,109
19:08:00,104
19:09:00,101
19:10:00,108
19:11:00,105
19:12:00,101
19:13:00,101
19:14:00,99
19:15:00,94
19:16:00,94
19:17:00,91
19:18:00,86
19:19:00,82
19:20:00,83
19:21:00,83
19:22:00,82
19:23:00,79
19:24:00,77
19:25:00,76
19:26:00,78
19:27:00,81
19:28:00,81
19:29:00,79
19:30:00,82
19:31:00,83
19:32:00,89
19:33:00,100
19:34:00,99
19:35:00,104
19:36:00,93
19:37:00,116
19:38:00,106
19:39:00,107
19:40:00,104
19:41:00,102
19:42:00,103
19:43:00,97
19:44:00,103
19:45:00,107
19:46:00,107
19:47:00,107
19:48:00,108
19:49:00,108
19:50:00,92
19:51:00,88
19:52:00,94
19:53:00,89
19:54:00,92
19:55:00,90
19:56:00,102
19:57:00,103
19:58:00,106
19:59:00,103
20:00:00,106
20:01:00,104
20:02:00,102
20:03:00,99
20:04:00,95
20:05:00,94
20:06:00,98
20:07:00,105
20:08:00,112
20:09:00,101
20:10:00,89
20:11:00,91
20:12:00,96
20:13:00,96
20:14:00,96
20:15:00,99
20:16:00,97
20:17:00,94
20:18:00,93
20:19:00,93
20:20:00,93
20:21:00,100
20:22:00,113
20:23:00,123
20:24:00,130
20:25:00,142
20:26:00,149
20:27:00,121
20:28:00,95
20:29:00,82
20:30:00,81
20:31:00,119
20:32:00,130
20:33:00,137
20:34:00,157
20:35:00,149
20:36:00,116
20:37:00,101
20:38:00,90
20:39:00,72
20:40:00,63
20:41:00,67
20:42:00,71
20:43:00,70
20:44:00,75
20:45:00,96
20:46:00,118
20:47:00,121
20:48:00,103
20:49:00,97
20:50:00,103
20:51:00,98
20:52:00,96
20:53:00,99
20:54:00,108
20:55:00,148
20:56:00,140
20:57:00,130
20:58:00,122
20:59:00,160
21:00:00,153
21:01:00,149
21:02:00,132
21:03:00,112
21:04:00,122
21:05:00,121
21:06:00,108
21:07:00,109
21:08:00,103
21:09:00,100
21:10:00,118
21:11:00,110
21:12:00,109
21:13:00,124
21:14:00,134
21:15:00,141
21:16:00,112
21:17:00,103
21:18:00,111
21:19:00,106
21:20:00,121
21:21:00,128
21:22:00,131
21:23:00,128
21:24:00,133
21:25:00,149
21:26:00,146
21:27:00,140
21:28:00,151
21:29:00,132
21:30:00,129
21:31:00,153
21:32:00,147
21:33:00,151
21:34:00,124
13:29:00,88
13:30:00,93
13:31:00,95
13:32:00,94
13:33:00,85
13:34:00,80
13:35:00,81
13:36:00,83
13:37:00,86
13:38:00,79
13:39:00,81
13:40:00,84
13:41:00,84
13:42:00,82
13:43:00,84
13:44:00,87
13:45:00,81
13:46:00,83
13:47:00,86
13:48:00,88
13:49:00,89
13:50:00,96
13:51:00,88
13:52:00,84
13:53:00,83
13:54:00,86
13:55:00,88
13:56:00,90
13:57:00,88
13:58:00,84
13:59:00,83
14:00:00,86
14:01:00,87
14:02:00,80
14:03:00,75
14:04:00,77
14:05:00,78
14:06:00,77
14:07:00,75
14:08:00,76
14:09:00,77
14:10:00,79
14:11:00,79
14:12:00,78
14:13:00,83
14:14:00,82
14:15:00,87
14:16:00,81
14:17:00,82
14:18:00,77
14:19:00,79
14:20:00,72
14:21:00,73
14:22:00,73
14:23:00,74
14:24:00,74
14:25:00,81
14:26:00,77
14:27:00,79
14:28:00,77
14:29:00,73
14:30:00,73
14:31:00,76
14:32:00,79
14:33:00,67
14:34:00,65
14:35:00,66
14:36:00,66
14:37:00,66
14:38:00,67
14:39:00,68
14:40:00,67
14:41:00,66
14:42:00,66
14:43:00,67
14:44:00,68
14:45:00,74
14:46:00,71
14:47:00,70
14:48:00,68
14:49:00,70
14:50:00,66
14:51:00,66
14:52:00,67
14:53:00,66
14:54:00,66
14:55:00,67
14:56:00,68
14:57:00,69
14:58:00,86
14:59:00,92
15:00:00,81
15:01:00,80
15:02:00,81
15:03:00,80
15:04:00,79
15:05:00,77
15:06:00,82
15:07:00,85
15:08:00,85
15:09:00,86
15:10:00,87
15:11:00,82
15:12:00,84
15:13:00,83
15:14:00,75
15:15:00,72
15:16:00,77
15:17:00,78
15:18:00,80
15:19:00,71
15:20:00,74
15:21:00,73
15:22:00,72
15:23:00,72
15:24:00,74
15:25:00,74
15:26:00,72
15:27:00,74
15:28:00,73
15:29:00,71
15:30:00,73
15:31:00,80
15:32:00,88
15:33:00,96
15:34:00,93
15:35:00,95
15:36:00,91
15:37:00,95
15:38:00,98
15:39:00,90
15:40:00,87
15:41:00,92
15:42:00,94
15:43:00,90
15:44:00,94
15:45:00,90
15:46:00,91
15:47:00,91
15:48:00,95
15:49:00,97
15:50:00,96
15:51:00,90
15:52:00,97
15:53:00,97
15:54:00,97
15:55:00,97
15:56:00,98
15:57:00,96
15:58:00,91
15:59:00,85
16:00:00,90
16:01:00,85
16:02:00,98
16:03:00,101
16:04:00,103
16:05:00,101
16:06:00,93
16:07:00,71
16:08:00,66
16:09:00,65
16:10:00,67
16:11:00,67
16:12:00,65
16:13:00,66
16:14:00,66
16:15:00,67
16:16:00,64
16:17:00,65
16:18:00,65
16:19:00,64
16:20:00,66
16:21:00,65
16:22:00,65
16:23:00,66
16:24:00,66
16:25:00,68
16:26:00,72
16:27:00,68
16:28:00,65
16:29:00,66
16:30:00,79
16:31:00,90
16:32:00,93
16:33:00,92
16:34:00,97
16:35:00,93
16:36:00,88
16:37:00,95
16:38:00,90
16:39:00,83
16:40:00,90
16:41:00,97
16:42:00,98
16:43:00,98
16:44:00,90
16:45:00,95
16:46:00,93
16:47:00,95
16:48:00,90
16:49:00,81
16:50:00,86
16:51:00,87
16:52:00,87
16:53:00,82
16:54:00,82
16:55:00,79
16:56:00,82
16:57:00,88
16:58:00,91
16:59:00,88
17:00:00,90
17:01:00,90
17:02:00,90
17:03:00,93
17:04:00,95
17:05:00,92
17:06:00,92
17:07:00,94
17:08:00,77
17:09:00,77
17:10:00,82
17:11:00,87
17:12:00,90
17:13:00,87
17:14:00,89
17:15:00,94
17:16:00,92
17:17:00,92
17:18:00,95
17:19:00,90
17:20:00,89
17:21:00,83
17:22:00,85
17:23:00,83
17:24:00,72
17:25:00,74
17:26:00,81
17:27:00,76
17:28:00,80
17:29:00,81
17:30:00,71
17:31:00,76
17:32:00,83
17:33:00,80
17:34:00,65
17:35:00,71
17:36:00,84
17:37:00,87
17:38:00,82
17:39:00,94
17:40:00,92
17:41:00,91
17:42:00,89
17:43:00,94
17:44:00,93
17:45:00,88
17:46:00,84
17:47:00,82
17:48:00,94
17:49:00,91
17:50:00,89
17:51:00,86
17:52:00,95
17:53:00,97
17:54:00,89
17:55:00,86
17:56:00,82
17:57:00,82
17:58:00,80
17:59:00,79
18:00:00,81
18:01:00,81
18:02:00,92
18:03:00,95
18:04:00,90
18:05:00,98
18:06:00,93
18:07:00,89
18:08:00,86
18:09:00,82
18:10:00,82
18:11:00,83
18:12:00,88
18:13:00,78
18:14:00,81
18:15:00,76
18:16:00,76
18:17:00,82
18:18:00,81
18:19:00,81
18:20:00,71
18:21:00,84
18:22:00,78
18:23:00,77
18:24:00,81
18:25:00,80
18:26:00,80
18:27:00,81
18:28:00,77
18:29:00,75
18:30:00,76
18:31:00,70
18:32:00,71
18:33:00,73
18:34:00,72
18:35:00,71
18:36:00,72
18:37:00,76
18:38:00,72
18:39:00,71
18:40:00,72
18:41:00,73
18:42:00,70
18:43:00,71
18:44:00,70
18:45:00,68
18:46:00,69
18:47:00,73
18:48:00,72
18:49:00,74
18:50:00,76
18:51:00,73
18:52:00,75
18:53:00,75
18:54:00,76
18:55:00,75
18:56:00,79
18:57:00,71
18:58:00,68
18:59:00,68
19:00:00,68
19:01:00,70
19:02:00,73
19:03:00,71
19:04:00,70
19:05:00,72
19:06:00,77
19:07:00,73
19:08:00,70
19:09:00,71
19:10:00,74
19:11:00,74
19:12:00,79
19:13:00,71
19:14:00,72
19:15:00,68
19:16:00,69
19:17:00,68
19:18:00,69
19:19:00,71
19:20:00,66
19:21:00,66
19:22:00,67
19:23:00,69
19:24:00,71
19:25:00,70
19:26:00,68
19:27:00,73
19:28:00,68
19:29:00,66
19:30:00,67
19:31:00,72
19:32:00,77
19:33:00,77
19:34:00,72
19:35:00,72
19:36:00,72
19:37:00,69
19:38:00,69
19:39:00,70
19:40:00,69
19:41:00,70
19:42:00,71
19:43:00,71
19:44:00,75
19:45:00,69
19:46:00,69
19:47:00,69
19:48:00,73
19:49:00,68
19:50:00,69
19:51:00,70
19:52:00,73
19:53:00,73
19:54:00,71
19:55:00,74
19:56:00,71
19:57:00,73
19:58:00,71
19:59:00,71
20:00:00,73
20:01:00,72
20:02:00,71
20:03:00,78
20:04:00,72
20:05:00,69
20:06:00,71
20:07:00,75
20:08:00,70
20:09:00,73
20:10:00,77
20:11:00,74
20:12:00,77
20:13:00,78
20:14:00,74
20:15:00,73
20:16:00,71
20:17:00,74
20:18:00,78
20:19:00,82
20:20:00,71
20:21:00,71
20:22:00,70
20:23:00,69
20:24:00,68
20:25:00,69
20:26:00,73
20:27:00,67
20:28:00,70
20:29:00,69
20:30:00,66
20:31:00,66
20:32:00,67
20:33:00,68
20:34:00,68
20:35:00,69
20:36:00,69
20:37:00,69
20:38:00,67
20:39:00,66
20:40:00,64
20:41:00,65
20:42:00,65
20:43:00,67
20:44:00,69
20:45:00,70
20:46:00,67
20:47:00,72
20:48:00,69
20:49:00,66
20:50:00,69
20:51:00,70
20:52:00,69
20:53:00,74
20:54:00,77
20:55:00,67
20:56:00,68
20:57:00,68
20:58:00,69
20:59:00,70
21:00:00,69
21:01:00,70
21:02:00,69
21:03:00,71
21:04:00,70
21:05:00,75
21:06:00,69
21:07:00,69
21:08:00,70
21:09:00,71
21:10:00,72
21:11:00,76
21:12:00,71
21:13:00,73
21:14:00,72
21:15:00,71
21:16:00,75
21:17:00,74
21:18:00,74
21:19:00,74
21:20:00,72
21:21:00,72
21:22:00,77
21:23:00,78
21:24:00,75
21:25:00,75
21:26:00,77
21:27:00,77
21:28:00,73
21:29:00,75
21:30:00,79
21:31:00,77
21:32:00,75
21:33:00,75
21:34:00,74
21:35:00,76
21:36:00,75
21:37:00,71
21:38:00,78
21:39:00,72
21:40:00,80
21:41:00,75
21:42:00,73
21:43:00,75
21:44:00,79
21:45:00,73
21:46:00,77
21:47:00,76
21:48:00,76
21:49:00,76
21:50:00,76
21:51:00,72
21:52:00,78
21:53:00,75
21:54:00,69
21:55:00,61
21:56:00,73
21:57:00,78
21:58:00,78
21:59:00,88
22:00:00,87
10:31:00,81
10:32:00,79
19:22:00,82
19:23:00,76
19:24:00,79
19:25:00,79
19:26:00,77
19:27:00,77
19:28:00,80
19:29:00,79
19:30:00,80
19:31:00,80
19:32:00,80
19:33:00,80
19:34:00,79
19:35:00,76
19:36:00,78
19:37:00,83
19:38:00,83
19:39:00,79
19:40:00,78
19:41:00,77
19:42:00,81
19:43:00,78
19:44:00,84
19:45:00,85
19:46:00,78
19:47:00,79
19:48:00,78
19:49:00,78
19:50:00,82
19:51:00,79
19:52:00,81
19:53:00,81
19:54:00,80
19:55:00,81
19:56:00,81
19:57:00,91
19:58:00,86
19:59:00,84
20:00:00,79
20:01:00,79
20:02:00,87
20:03:00,89
20:04:00,85
20:05:00,90
20:06:00,86
20:07:00,74
20:08:00,82
20:09:00,90
20:10:00,85
20:11:00,87
20:12:00,81
20:13:00,77
20:14:00,80
20:15:00,81
20:16:00,82
20:17:00,85
20:18:00,84
20:19:00,83
20:20:00,77
20:21:00,78
20:22:00,81
20:23:00,82
20:24:00,85
20:25:00,82
20:26:00,79
20:27:00,87
20:28:00,97
20:29:00,79
20:30:00,79
20:31:00,79
20:32:00,83
20:33:00,80
20:34:00,85
20:35:00,88
20:36:00,87
20:37:00,80
20:38:00,79
20:39:00,80
20:40:00,83
20:41:00,81
20:42:00,75
20:43:00,80
20:44:00,82
20:45:00,87
20:46:00,86
20:47:00,85
20:48:00,91
20:49:00,108
20:50:00,96
20:51:00,88
20:52:00,87
20:53:00,84
20:54:00,86
20:55:00,89
20:56:00,91
20:57:00,83
20:58:00,77
20:59:00,106
21:00:00,95
21:01:00,88
21:02:00,87
21:03:00,89
21:04:00,86
21:05:00,85
21:06:00,88
21:07:00,90
21:08:00,89
21:09:00,85
21:10:00,85
21:11:00,87
21:12:00,89
21:13:00,88
21:14:00,84
21:15:00,94
21:16:00,109
21:17:00,118
21:18:00,111
21:19:00,96
21:20:00,88
21:21:00,91
21:22:00,97
21:23:00,111
21:24:00,95
21:25:00,103
21:26:00,100
21:27:00,106
21:28:00,88
21:29:00,108
21:30:00,115
21:31:00,99
21:32:00,97
21:33:00,100
21:34:00,96
21:35:00,100
21:36:00,100
21:37:00,100
21:38:00,92
21:39:00,102
21:40:00,101
21:41:00,96
21:42:00,97
21:43:00,103
21:44:00,130
21:45:00,135
21:46:00,146
21:47:00,127
21:48:00,101
21:49:00,99
21:50:00,125
21:51:00,118
21:52:00,121
21:53:00,106
21:54:00,124
21:55:00,125
21:56:00,113
21:57:00,109
21:58:00,89
21:59:00,101
22:00:00,98
22:01:00,99
22:02:00,99
22:03:00,100
22:04:00,98
22:05:00,95
22:06:00,97
22:07:00,97
22:08:00,99
22:09:00,98
22:10:00,111
22:11:00,118
22:12:00,102
22:13:00,104
22:14:00,149
22:15:00,145
22:16:00,130
22:17:00,148
22:18:00,148
22:19:00,123
22:20:00,114
22:21:00,125
22:22:00,116
22:23:00,126
22:24:00,130
22:25:00,137
22:26:00,125
22:27:00,97
22:28:00,139
22:29:00,148
22:30:00,139
22:31:00,136
22:32:00,124
22:33:00,129
22:34:00,141
22:35:00,130
22:36:00,136
22:37:00,115
22:38:00,129
22:39:00,141
22:40:00,132
22:41:00,139
22:42:00,146
22:43:00,133
22:44:00,132
22:45:00,126
22:46:00,114
22:47:00,119
22:48:00,155
22:49:00,154
22:50:00,138
22:51:00,144
22:52:00,129
22:53:00,130
22:54:00,113
22:55:00,114
22:56:00,120
22:57:00,123
22:58:00,102
22:59:00,126
23:00:00,111
23:01:00,105
23:02:00,130
23:03:00,122
23:04:00,136
23:05:00,152
23:06:00,158
23:07:00,160
23:08:00,149
23:09:00,146
23:10:00,131
23:11:00,142
23:12:00,140
23:13:00,150
23:14:00,151
23:15:00,148
23:16:00,157
23:17:00,135
23:18:00,142
23:19:00,146
23:20:00,146
23:21:00,138
23:22:00,131
23:23:00,129
23:24:00,102
23:25:00,100
23:26:00,102
23:27:00,124
23:28:00,137
23:29:00,112
23:30:00,100
23:31:00,116
23:32:00,125
23:33:00,132
23:34:00,152
23:35:00,144
23:36:00,124
23:37:00,121
23:38:00,132
23:39:00,146
23:40:00,141
23:41:00,137
23:42:00,138
23:43:00,140
23:44:00,126
23:45:00,130
23:46:00,138
23:47:00,152
23:48:00,144
23:49:00,147
23:50:00,156
23:51:00,144
23:52:00,148
23:53:00,144
23:54:00,127
23:55:00,118
23:56:00,128
23:57:00,125
23:58:00,149
23:59:00,147
00:00:00,146
00:01:00,146
00:02:00,124
00:03:00,109
00:04:00,106
00:05:00,127
00:06:00,112
00:07:00,104
00:08:00,140
00:09:00,140
00:10:00,126
00:11:00,139
00:12:00,156
00:13:00,151
00:14:00,142
00:15:00,126
00:16:00,130
00:17:00,134
00:18:00,117
00:19:00,103
00:20:00,134
00:21:00,137
00:22:00,117
00:23:00,97
00:24:00,96
00:25:00,98
00:26:00,130
00:27:00,141
00:28:00,130
00:29:00,135
00:30:00,152
00:31:00,161
00:32:00,157
00:33:00,159
00:34:00,141
00:35:00,125
00:36:00,138
00:37:00,137
00:38:00,130
00:39:00,136
00:40:00,123
00:41:00,125
00:42:00,116
00:43:00,115
00:44:00,131
00:45:00,133
00:46:00,126
00:47:00,110
00:48:00,101
00:49:00,107
00:50:00,103
00:51:00,90
00:52:00,86
00:53:00,114
00:54:00,134
00:55:00,130
00:56:00,124
00:57:00,118
00:58:00,116
00:59:00,116
01:00:00,114
01:01:00,118
01:02:00,105
01:03:00,90
01:04:00,98
01:05:00,109
01:06:00,148
01:07:00,126
01:08:00,114
01:09:00,140
01:10:00,128
01:11:00,129
01:12:00,137
01:13:00,134
01:14:00,119
01:15:00,143
01:16:00,115
01:17:00,137
01:18:00,152
01:19:00,122
01:20:00,132
01:21:00,130
01:22:00,147
01:23:00,154
01:24:00,130
01:25:00,127
01:26:00,121
01:27:00,100
01:28:00,140
01:29:00,153
01:30:00,138
01:31:00,156
01:32:00,151
01:33:00,144
01:34:00,122
01:35:00,131
01:36:00,146
01:37:00,140
01:38:00,149
01:39:00,141
03:59:00,83
04:00:00,80
11:15:00,81
11:16:00,78
15:54:00,81
15:55:00,80
19:55:00,81
19:56:00,79
19:57:00,79
08:48:00,81
08:49:00,77
12:29:00,80
12:30:00,77
12:32:00,96
12:33:00,117
12:34:00,119
12:35:00,87
12:36:00,86
12:37:00,91
12:38:00,89
12:39:00,101
12:40:00,85
12:41:00,86
12:42:00,86
12:43:00,93
12:44:00,94
12:45:00,91
12:46:00,94
16:44:00,86
16:47:00,87
16:48:00,85
16:49:00,79
16:50:00,79
16:51:00,83
16:52:00,82
16:53:00,79
16:54:00,80
16:55:00,80
21:27:00,84
21:28:00,86
21:29:00,83
21:30:00,83
21:31:00,78
21:32:00,82
21:33:00,79
21:34:00,81
21:35:00,82
21:36:00,80
00:03:00,83
00:04:00,80
11:55:00,78
11:56:00,77
14:25:00,81
17:46:00,83
17:47:00,81
19:09:00,82
12:44:00,80
12:45:00,80
17:00:00,91
17:01:00,93
17:02:00,106
17:03:00,117
17:04:00,122
17:05:00,127
17:06:00,103
17:07:00,83
17:08:00,79
17:09:00,86
17:10:00,82
17:11:00,81
17:12:00,95
17:13:00,89
17:14:00,85
17:15:00,77
17:16:00,72
17:17:00,75
17:18:00,75
17:19:00,77
17:20:00,76
17:21:00,78
17:22:00,78
17:23:00,79
17:24:00,74
17:25:00,82
17:26:00,78
17:27:00,76
17:28:00,77
17:29:00,76
17:30:00,77
17:31:00,80
17:32:00,79
17:33:00,79
17:34:00,76
17:35:00,78
17:36:00,78
17:37:00,84
17:38:00,90
17:39:00,103
17:40:00,114
17:41:00,121
17:42:00,125
17:43:00,123
17:44:00,121
17:45:00,117
17:46:00,110
17:47:00,109
17:48:00,115
17:49:00,116
17:50:00,114
17:51:00,114
17:52:00,114
17:53:00,111
17:54:00,110
17:55:00,116
17:56:00,111
17:57:00,112
17:58:00,108
17:59:00,114
18:00:00,122
18:01:00,113
18:02:00,105
18:03:00,92
18:04:00,84
18:05:00,86
18:06:00,88
18:07:00,80
18:08:00,96
18:09:00,96
18:10:00,102
18:11:00,105
18:12:00,106
18:13:00,108
18:14:00,113
18:15:00,107
18:16:00,108
18:17:00,103
18:18:00,97
18:19:00,95
18:20:00,101
18:21:00,101
18:22:00,104
18:23:00,105
18:24:00,103
18:25:00,103
18:26:00,109
18:27:00,107
18:28:00,104
18:29:00,104
18:30:00,102
18:31:00,93
18:32:00,98
18:33:00,99
18:34:00,95
18:35:00,69
18:36:00,65
18:37:00,61
18:38:00,63
18:39:00,86
18:40:00,85
18:41:00,96
18:42:00,97
18:43:00,92
18:44:00,93
18:45:00,92
18:46:00,92
18:47:00,93
18:48:00,90
18:49:00,83
18:50:00,84
18:51:00,83
18:52:00,79
18:53:00,82
18:54:00,80
18:55:00,83
18:56:00,82
18:57:00,84
18:58:00,83
18:59:00,87
19:00:00,86
19:01:00,89
19:02:00,88
19:03:00,106
19:04:00,124
19:05:00,120
19:06:00,117
19:07:00,111
19:08:00,119
19:09:00,119
19:10:00,116
19:11:00,111
19:12:00,110
19:13:00,109
19:14:00,111
19:15:00,116
19:16:00,116
19:17:00,114
19:18:00,113
19:19:00,110
19:20:00,106
19:21:00,105
19:22:00,101
19:23:00,96
19:24:00,87
19:25:00,85
19:26:00,79
19:27:00,77
19:28:00,75
19:29:00,78
19:30:00,78
19:31:00,78
19:32:00,77
19:33:00,78
19:34:00,77
19:35:00,75
19:36:00,76
19:37:00,79
19:38:00,79
19:39:00,75
19:40:00,72
19:41:00,76
19:42:00,87
19:43:00,78
19:44:00,76
19:45:00,74
19:46:00,74
19:47:00,75
19:48:00,76
19:49:00,78
19:50:00,77
19:51:00,75
19:52:00,75
19:53:00,79
19:54:00,77
19:55:00,76
19:56:00,74
19:57:00,76
19:58:00,75
19:59:00,79
20:00:00,76
20:01:00,76
20:02:00,80
20:03:00,81
20:04:00,79
20:05:00,77
20:06:00,80
20:07:00,78
20:08:00,79
20:09:00,80
20:10:00,83
20:11:00,80
20:12:00,89
20:13:00,76
20:14:00,87
20:15:00,88
20:16:00,83
20:17:00,92
20:18:00,83
20:19:00,83
20:20:00,93
20:21:00,89
20:22:00,103
20:23:00,89
20:24:00,87
20:25:00,91
20:26:00,91
20:27:00,86
20:28:00,89
20:29:00,84
20:30:00,84
20:31:00,89
20:32:00,90
20:33:00,78
20:34:00,84
20:35:00,81
20:36:00,81
20:37:00,85
20:38:00,80
20:39:00,83
20:40:00,82
20:41:00,82
20:42:00,77
20:43:00,78
20:44:00,67
20:45:00,62
20:46:00,61
20:47:00,63
20:48:00,70
20:49:00,119
20:50:00,105
20:51:00,118
20:52:00,96
20:53:00,93
20:54:00,92
20:55:00,89
20:56:00,92
20:57:00,91
20:58:00,93
20:59:00,101
21:00:00,99
21:01:00,88
21:02:00,95
21:03:00,99
21:04:00,103
21:05:00,88
21:06:00,90
21:07:00,92
21:08:00,97
21:09:00,91
21:10:00,92
21:11:00,123
21:12:00,103
21:13:00,99
21:14:00,113
21:15:00,124
21:16:00,131
21:17:00,130
21:18:00,134
21:19:00,154
21:20:00,137
21:21:00,119
21:22:00,103
21:23:00,123
21:24:00,141
21:25:00,140
21:26:00,149
21:27:00,153
21:28:00,136
21:29:00,107
21:30:00,118
21:31:00,115
21:32:00,129
21:33:00,137
21:34:00,163
21:35:00,145
21:36:00,134
21:37:00,110
21:38:00,104
21:39:00,125
21:40:00,157
21:41:00,143
21:42:00,133
21:43:00,141
21:44:00,142
21:45:00,140
21:46:00,152
21:47:00,149
21:48:00,154
21:49:00,141
21:50:00,137
21:51:00,121
21:52:00,120
21:53:00,134
21:54:00,143
21:55:00,139
21:56:00,125
21:57:00,128
21:58:00,146
21:59:00,151
22:00:00,145
22:01:00,128
22:02:00,118
22:03:00,124
22:04:00,131
22:05:00,91
22:06:00,89
22:07:00,78
22:08:00,76
22:09:00,86
22:10:00,100
22:11:00,103
22:12:00,98
22:13:00,98
22:14:00,94
22:15:00,95
22:16:00,97
22:17:00,113
22:18:00,104
22:19:00,96
22:20:00,95
22:21:00,97
22:22:00,96
22:23:00,99
22:24:00,105
22:25:00,119
22:26:00,124
22:27:00,125
22:28:00,115
22:29:00,137
22:30:00,140
22:31:00,147
22:32:00,124
22:33:00,139
22:34:00,129
22:35:00,141
22:36:00,134
22:37:00,119
22:38:00,143
22:39:00,118
22:40:00,146
22:41:00,148
22:42:00,133
22:43:00,113
22:44:00,97
22:45:00,106
22:46:00,131
22:47:00,151
22:48:00,161
22:49:00,153
22:50:00,152
22:51:00,150
22:52:00,138
22:53:00,145
22:54:00,163
22:55:00,160
22:56:00,152
22:57:00,159
22:58:00,153
22:59:00,151
23:00:00,147
23:01:00,120
23:02:00,152
23:03:00,139
23:04:00,151
23:05:00,155
23:06:00,148
23:07:00,124
23:08:00,115
23:09:00,123
23:10:00,123
23:11:00,151
23:12:00,158
23:13:00,157
23:14:00,155
23:15:00,157
23:16:00,139
23:17:00,126
23:18:00,119
23:19:00,119
23:20:00,109
23:21:00,117
23:22:00,115
23:23:00,110
23:24:00,137
23:25:00,118
23:26:00,146
23:27:00,131
23:28:00,128
23:29:00,126
23:30:00,126
23:31:00,139
23:32:00,149
23:33:00,149
23:34:00,146
23:35:00,140
23:36:00,120
23:37:00,102
23:38:00,117
23:39:00,105
23:40:00,132
23:41:00,159
23:42:00,97
23:43:00,103
06:22:00,83
06:23:00,83
06:24:00,89
06:25:00,97
06:26:00,90
06:27:00,84
06:28:00,79
06:29:00,86
06:30:00,86
06:31:00,86
06:32:00,98
06:33:00,125
06:34:00,129
06:35:00,144
06:36:00,125
06:37:00,106
06:38:00,91
06:39:00,99
06:40:00,84
06:41:00,82
06:42:00,86
06:43:00,84
06:44:00,85
06:45:00,84
06:46:00,82
06:47:00,84
06:48:00,86
06:49:00,99
06:50:00,116
06:51:00,103
06:52:00,80
06:53:00,73
06:54:00,77
06:55:00,79
06:56:00,80
06:57:00,88
06:58:00,92
06:59:00,90
07:00:00,83
07:01:00,81
07:02:00,83
07:03:00,84
07:04:00,84
07:05:00,81
07:06:00,85
07:07:00,92
07:08:00,83
07:09:00,81
07:10:00,79
07:11:00,86
07:12:00,87
07:13:00,85
07:14:00,86
07:15:00,80
07:16:00,86
07:17:00,90
07:18:00,106
07:19:00,125
07:20:00,136
07:21:00,127
07:22:00,124
07:23:00,117
07:24:00,115
07:25:00,111
07:26:00,110
07:27:00,112
07:28:00,109
07:29:00,113
07:30:00,108
07:31:00,107
07:32:00,96
07:33:00,82
07:34:00,86
07:35:00,86
07:36:00,88
07:37:00,80
07:38:00,88
07:39:00,85
07:40:00,82
07:41:00,81
07:42:00,81
07:43:00,79
07:44:00,79
07:45:00,77
07:46:00,78
07:47:00,77
07:48:00,81
07:49:00,80
07:50:00,82
07:51:00,79
07:52:00,83
07:53:00,75
07:54:00,83
07:55:00,75
07:56:00,70
07:57:00,68
07:58:00,70
07:59:00,74
08:00:00,74
08:01:00,74
08:02:00,72
08:03:00,76
08:04:00,76
08:05:00,79
08:06:00,78
08:07:00,71
08:08:00,76
08:09:00,79
08:10:00,75
08:11:00,78
08:12:00,72
08:13:00,75
08:14:00,77
08:15:00,76
08:16:00,74
08:17:00,75
08:18:00,77
08:19:00,73
08:20:00,76
08:21:00,82
08:22:00,80
08:23:00,71
08:24:00,68
08:25:00,69
08:26:00,71
08:27:00,69
08:28:00,70
08:29:00,78
08:30:00,79
08:31:00,75
08:32:00,73
08:33:00,75
08:34:00,76
08:35:00,73
08:36:00,71
08:37:00,72
08:38:00,71
08:39:00,73
08:40:00,74
08:41:00,74
08:42:00,70
08:43:00,71
08:44:00,69
08:45:00,70
08:46:00,71
08:47:00,77
08:48:00,73
08:49:00,70
08:50:00,69
08:51:00,70
08:52:00,73
08:53:00,77
08:54:00,75
08:55:00,78
08:56:00,75
08:57:00,76
08:58:00,74
08:59:00,70
09:00:00,69
09:01:00,74
09:02:00,64
09:03:00,69
09:04:00,78
09:05:00,75
09:06:00,64
09:07:00,62
09:08:00,67
09:09:00,65
09:10:00,64
09:11:00,64
09:12:00,66
09:13:00,66
09:14:00,66
09:15:00,68
09:16:00,70
09:17:00,74
09:18:00,69
09:19:00,69
09:20:00,69
09:21:00,70
09:22:00,68
09:23:00,70
09:24:00,80
09:25:00,78
09:26:00,73
09:27:00,69
09:28:00,74
09:29:00,71
09:30:00,65
09:31:00,67
09:32:00,71
09:33:00,69
09:34:00,68
09:35:00,69
09:36:00,68
09:37:00,67
09:38:00,64
09:39:00,67
09:40:00,67
09:41:00,68
09:42:00,68
09:43:00,67
09:44:00,69
09:45:00,69
09:46:00,70
09:47:00,72
09:48:00,73
09:49:00,71
09:50:00,74
09:51:00,69
09:52:00,70
09:53:00,69
09:54:00,70
09:55:00,70
09:56:00,68
09:57:00,66
09:58:00,68
09:59:00,62
10:00:00,69
10:01:00,69
10:02:00,69
10:03:00,69
10:04:00,72
10:05:00,65
10:06:00,68
10:07:00,73
10:08:00,68
10:09:00,68
10:10:00,71
10:11:00,67
10:12:00,71
10:13:00,67
10:14:00,70
10:15:00,68
10:16:00,69
10:17:00,67
10:18:00,66
10:19:00,75
10:20:00,73
10:21:00,73
10:22:00,71
10:23:00,65
10:24:00,67
10:25:00,69
10:26:00,70
10:27:00,76
10:28:00,69
10:29:00,66
10:30:00,68
10:31:00,72
10:32:00,75
10:33:00,76
10:34:00,74
10:35:00,72
10:36:00,71
10:37:00,73
10:38:00,69
10:39:00,71
10:40:00,71
10:41:00,66
10:42:00,66
10:43:00,65
10:44:00,64
10:45:00,66
10:46:00,67
10:47:00,68
10:48:00,67
10:49:00,76
10:50:00,67
10:51:00,67
10:52:00,71
10:53:00,65
10:54:00,78
10:55:00,71
10:56:00,76
10:57:00,82
10:58:00,77
10:59:00,64
11:00:00,67
11:01:00,65
11:02:00,68
11:03:00,64
11:04:00,61
11:05:00,68
11:06:00,76
11:07:00,74
11:08:00,70
11:09:00,69
11:10:00,67
11:11:00,67
11:12:00,68
11:13:00,66
11:14:00,67
11:15:00,66
11:16:00,70
11:17:00,68
11:18:00,64
11:19:00,64
11:20:00,63
11:21:00,60
11:22:00,64
11:23:00,62
11:24:00,67
11:25:00,80
11:26:00,79
11:27:00,90
11:28:00,91
11:29:00,66
11:30:00,61
11:31:00,64
11:32:00,72
11:33:00,67
11:34:00,74
11:35:00,72
11:36:00,66
11:37:00,65
11:38:00,65
11:39:00,66
11:40:00,73
11:41:00,73
11:42:00,72
11:43:00,65
11:44:00,70
11:45:00,68
11:46:00,65
11:47:00,70
11:48:00,73
11:49:00,66
11:50:00,62
11:51:00,64
11:52:00,65
11:53:00,65
11:54:00,68
11:55:00,70
11:56:00,66
11:57:00,61
11:58:00,67
11:59:00,63
12:00:00,63
12:01:00,63
12:02:00,67
12:03:00,64
12:04:00,64
12:05:00,79
12:06:00,84
12:07:00,83
12:08:00,72
12:09:00,70
12:10:00,76
12:11:00,78
12:12:00,80
12:13:00,78
12:14:00,81
12:15:00,76
12:16:00,79
12:17:00,78
12:18:00,75
12:19:00,77
12:20:00,84
12:21:00,78
12:22:00,75
12:23:00,78
12:24:00,85
12:25:00,86
12:26:00,85
12:27:00,85
12:28:00,92
12:29:00,97
12:30:00,100
12:31:00,98
12:32:00,83
12:33:00,74
12:34:00,72
12:35:00,74
12:36:00,75
12:37:00,76
12:38:00,77
12:39:00,75
12:40:00,73
12:41:00,75
12:42:00,80
12:43:00,84
12:44:00,81
12:45:00,74
12:46:00,76
12:47:00,75
12:48:00,73
12:49:00,73
12:50:00,71
12:51:00,69
12:52:00,69
12:53:00,71
12:54:00,71
12:55:00,72
12:56:00,70
12:57:00,69
12:58:00,72
12:59:00,75
13:00:00,76
13:01:00,77
13:02:00,75
13:03:00,76
13:04:00,71
13:05:00,72
13:06:00,69
13:07:00,71
13:08:00,76
13:09:00,71
13:10:00,72
13:11:00,72
13:12:00,73
13:13:00,71
13:14:00,73
13:15:00,75
13:16:00,75
13:17:00,81
13:18:00,82
13:19:00,80
13:20:00,76
13:21:00,74
13:22:00,80
13:23:00,77
13:24:00,79
13:25:00,78
13:26:00,77
13:27:00,80
13:28:00,78
13:29:00,80
13:30:00,79
13:31:00,81
13:32:00,85
13:33:00,82
13:34:00,80
13:35:00,77
13:36:00,80
13:37:00,82
13:38:00,77
13:39:00,77
13:40:00,75
13:41:00,76
13:42:00,74
13:43:00,73
13:44:00,72
13:45:00,75
13:46:00,77
13:47:00,76
13:48:00,80
13:49:00,80
13:50:00,81
13:51:00,82
13:52:00,78
13:53:00,80
13:54:00,78
13:55:00,81
13:56:00,83
13:57:00,79
13:58:00,81
13:59:00,73
14:00:00,68
14:01:00,76
14:02:00,78
14:03:00,75
14:04:00,77
14:05:00,83
14:06:00,87
14:07:00,87
14:08:00,87
14:09:00,82
14:10:00,72
14:11:00,79
14:12:00,79
14:13:00,77
14:14:00,78
14:15:00,78
14:16:00,82
14:17:00,76
14:18:00,79
14:19:00,82
14:20:00,86
14:21:00,80
14:22:00,81
14:23:00,76
14:24:00,73
14:25:00,77
14:26:00,85
14:27:00,89
14:28:00,75
14:29:00,73
14:30:00,70
14:31:00,71
14:32:00,76
14:33:00,76
14:34:00,74
14:35:00,78
14:36:00,73
14:37:00,72
14:38:00,75
14:39:00,81
14:40:00,82
14:41:00,80
14:42:00,81
14:43:00,80
14:44:00,73
14:45:00,73
14:46:00,76
14:47:00,82
14:48:00,76
14:49:00,78
14:50:00,75
14:51:00,73
14:52:00,76
14:53:00,80
14:54:00,80
14:55:00,82
14:56:00,82
14:57:00,79
14:58:00,80
14:59:00,78
15:00:00,79
15:01:00,79
15:02:00,77
15:03:00,77
15:04:00,79
15:05:00,77
15:06:00,76
15:07:00,74
15:08:00,71
15:09:00,76
15:10:00,74
15:11:00,79
15:12:00,75
15:13:00,76
15:14:00,79
15:15:00,79
15:16:00,81
15:17:00,81
15:18:00,83
15:19:00,79
15:20:00,80
15:21:00,74
15:22:00,78
15:23:00,80
15:24:00,79
15:25:00,75
15:26:00,76
15:27:00,75
15:28:00,77
15:29:00,76
15:30:00,75
15:31:00,73
15:32:00,78
15:33:00,78
15:34:00,79
15:35:00,81
15:36:00,85
15:37:00,90
15:38:00,97
15:39:00,102
15:40:00,106
15:41:00,108
15:42:00,108
15:43:00,97
15:44:00,99
15:45:00,102
15:46:00,96
15:47:00,80
15:48:00,75
15:49:00,79
15:50:00,83
15:51:00,89
15:52:00,92
15:53:00,95
15:54:00,100
15:55:00,85
15:56:00,88
15:57:00,85
15:58:00,87
15:59:00,85
16:00:00,90
16:01:00,91
16:02:00,89
16:03:00,102
16:04:00,111
16:05:00,123
16:06:00,106
16:07:00,91
16:08:00,92
16:09:00,95
16:10:00,96
16:11:00,97
16:12:00,96
16:13:00,95
16:14:00,94
16:15:00,96
16:16:00,87
16:17:00,92
16:18:00,87
16:19:00,88
16:20:00,88
16:21:00,90
16:22:00,89
16:23:00,88
16:24:00,85
16:25:00,89
16:26:00,86
16:27:00,88
16:28:00,92
16:29:00,94
16:30:00,93
16:31:00,97
16:32:00,95
16:33:00,99
16:34:00,96
16:35:00,86
16:36:00,86
16:37:00,98
16:38:00,101
16:39:00,107
16:40:00,103
16:41:00,102
16:42:00,90
16:43:00,78
16:44:00,74
16:45:00,68
16:46:00,60
16:48:00,61
16:49:00,59
16:50:00,66
21:32:00,79
21:33:00,78
00:06:00,81
00:07:00,82
06:08:00,78
06:09:00,77
06:40:00,77
06:41:00,74
06:50:00,85
06:51:00,87
06:52:00,83
06:53:00,94
06:54:00,91
06:55:00,99
06:56:00,100
06:57:00,97
06:58:00,112
06:59:00,121
07:00:00,112
07:01:00,98
07:02:00,87
07:03:00,83
07:04:00,87
07:05:00,86
07:06:00,89
07:07:00,86
07:08:00,85
07:09:00,86
07:10:00,91
07:11:00,87
07:12:00,85
07:13:00,87
07:14:00,85
07:15:00,89
07:16:00,88
07:17:00,89
07:18:00,101
07:19:00,116
07:20:00,113
07:21:00,100
07:22:00,89
07:23:00,89
07:24:00,89
07:25:00,88
07:26:00,95
07:27:00,92
07:28:00,85
07:29:00,85
07:30:00,81
07:31:00,84
07:32:00,84
07:33:00,87
07:34:00,90
07:35:00,88
07:36:00,88
07:37:00,93
07:38:00,129
07:39:00,141
07:40:00,148
07:41:00,147
07:42:00,134
07:43:00,122
07:44:00,111
07:45:00,107
07:46:00,99
07:47:00,88
07:48:00,77
07:49:00,80
07:50:00,81
07:51:00,81
07:52:00,77
07:53:00,81
07:54:00,79
07:55:00,84
07:56:00,75
07:57:00,82
07:58:00,85
07:59:00,76
08:00:00,74
08:01:00,84
08:02:00,82
08:03:00,84
08:04:00,81
08:05:00,79
08:06:00,84
08:07:00,81
08:08:00,79
08:09:00,75
08:10:00,79
08:11:00,80
08:12:00,89
08:13:00,80
08:14:00,75
08:15:00,77
08:16:00,75
08:17:00,75
08:18:00,73
08:19:00,73
08:20:00,73
08:21:00,74
08:22:00,73
08:23:00,80
08:24:00,76
08:25:00,74
08:26:00,78
08:27:00,82
08:28:00,84
08:29:00,77
08:30:00,75
08:31:00,75
08:32:00,72
08:33:00,76
08:34:00,73
08:35:00,71
08:36:00,76
08:37:00,80
08:38:00,80
08:39:00,73
08:40:00,83
08:41:00,76
08:42:00,75
08:43:00,74
08:44:00,76
08:45:00,79
08:46:00,72
08:47:00,75
08:48:00,76
08:49:00,78
08:50:00,84
08:51:00,81
08:52:00,73
08:53:00,72
08:54:00,70
08:55:00,75
08:56:00,73
08:57:00,71
08:58:00,71
08:59:00,71
09:00:00,74
09:01:00,71
09:02:00,66
09:03:00,80
09:04:00,87
09:05:00,77
09:06:00,74
09:07:00,76
09:08:00,72
09:09:00,75
09:10:00,78
09:11:00,70
09:12:00,74
09:13:00,70
09:14:00,70
09:15:00,74
09:16:00,69
09:17:00,69
09:18:00,72
09:19:00,73
09:20:00,73
09:21:00,79
09:22:00,70
09:23:00,76
09:24:00,77
09:25:00,78
09:26:00,73
09:27:00,72
09:28:00,77
09:29:00,74
09:30:00,75
09:31:00,79
09:32:00,72
09:33:00,70
09:34:00,70
09:35:00,78
09:36:00,75
09:37:00,82
09:38:00,78
09:39:00,72
09:40:00,72
09:41:00,71
09:42:00,73
09:43:00,74
09:44:00,75
09:45:00,78
09:46:00,78
09:47:00,74
09:48:00,73
09:49:00,70
09:50:00,69
09:51:00,70
09:52:00,74
09:53:00,77
09:54:00,84
09:55:00,78
09:56:00,75
09:57:00,71
09:58:00,74
09:59:00,72
10:00:00,73
10:01:00,70
10:02:00,71
10:03:00,74
10:04:00,81
10:05:00,78
10:06:00,78
10:07:00,78
10:08:00,75
10:09:00,77
10:10:00,72
10:11:00,73
10:12:00,77
10:13:00,77
10:14:00,78
10:15:00,88
10:16:00,75
10:17:00,74
10:18:00,75
10:19:00,76
10:20:00,72
10:21:00,70
10:22:00,69
10:23:00,76
10:24:00,78
10:25:00,72
10:26:00,67
10:27:00,68
10:28:00,70
10:29:00,70
10:30:00,78
10:31:00,72
10:32:00,73
10:33:00,73
10:34:00,71
10:35:00,77
10:36:00,79
10:37:00,73
10:38:00,74
10:39:00,76
10:40:00,69
10:41:00,72
10:42:00,68
10:43:00,73
10:44:00,78
10:45:00,75
10:46:00,77
10:47:00,73
10:48:00,72
10:49:00,75
10:50:00,72
10:51:00,72
10:52:00,72
10:53:00,71
10:54:00,68
10:55:00,72
10:56:00,72
10:57:00,85
10:58:00,89
10:59:00,86
11:00:00,87
11:01:00,86
11:02:00,82
11:03:00,76
11:04:00,71
11:05:00,75
11:06:00,78
11:07:00,80
11:08:00,77
11:09:00,80
11:10:00,79
11:11:00,80
11:12:00,84
11:13:00,88
11:14:00,91
11:15:00,92
11:16:00,84
11:17:00,86
11:18:00,92
11:19:00,85
11:20:00,83
11:21:00,78
11:22:00,81
11:23:00,78
11:24:00,80
11:25:00,80
11:26:00,86
11:27:00,79
11:28:00,76
11:29:00,76
11:30:00,77
11:31:00,79
11:32:00,83
11:33:00,78
11:34:00,76
11:35:00,77
11:36:00,81
11:37:00,80
11:38:00,87
11:39:00,83
11:40:00,85
11:41:00,83
11:42:00,81
11:43:00,86
11:44:00,79
11:45:00,82
11:46:00,81
11:47:00,80
11:48:00,81
11:49:00,80
11:50:00,82
11:51:00,82
11:52:00,82
11:53:00,87
11:54:00,82
11:55:00,80
11:56:00,85
11:57:00,86
11:58:00,85
11:59:00,84
12:00:00,81
12:01:00,79
12:02:00,81
12:03:00,91
12:04:00,94
12:05:00,85
12:06:00,79
12:07:00,80
12:08:00,76
12:09:00,73
12:10:00,78
12:11:00,81
12:12:00,87
12:13:00,83
12:14:00,80
12:15:00,79
12:16:00,91
12:17:00,87
12:18:00,85
12:19:00,90
12:20:00,75
12:21:00,74
12:22:00,80
12:23:00,75
12:24:00,82
12:25:00,79
12:26:00,77
12:27:00,88
12:28:00,91
12:29:00,82
12:30:00,75
12:31:00,82
12:32:00,82
12:33:00,77
12:34:00,79
12:35:00,76
12:36:00,76
12:37:00,80
12:38:00,80
12:39:00,83
12:40:00,82
12:41:00,75
12:42:00,76
12:43:00,80
12:44:00,81
12:45:00,81
12:46:00,80
12:47:00,79
12:48:00,75
12:49:00,75
12:50:00,79
12:51:00,79
12:52:00,81
12:53:00,76
12:54:00,73
12:55:00,72
12:56:00,86
12:57:00,82
12:58:00,76
12:59:00,76
13:00:00,78
13:01:00,75
13:02:00,78
13:03:00,83
13:04:00,78
13:05:00,80
13:06:00,77
13:07:00,80
13:08:00,75
13:09:00,81
13:10:00,84
13:11:00,76
13:12:00,75
13:13:00,76
13:14:00,75
13:15:00,73
13:16:00,74
13:17:00,74
13:18:00,79
13:19:00,89
13:20:00,88
13:21:00,80
13:22:00,78
13:23:00,77
13:24:00,80
13:25:00,80
13:26:00,79
13:27:00,77
13:28:00,81
13:29:00,79
13:30:00,78
13:31:00,75
13:32:00,77
13:33:00,76
13:34:00,75
13:35:00,79
13:36:00,82
13:37:00,75
13:38:00,74
13:39:00,73
13:40:00,72
13:41:00,73
13:42:00,73
13:43:00,75
13:44:00,77
13:45:00,75
13:46:00,75
13:47:00,74
13:48:00,72
13:49:00,72
13:50:00,74
13:51:00,74
13:52:00,75
13:53:00,75
13:54:00,75
13:55:00,72
13:56:00,76
13:57:00,71
13:58:00,81
13:59:00,82
14:00:00,80
14:01:00,75
14:02:00,74
14:03:00,80
14:04:00,78
14:05:00,76
14:06:00,72
14:07:00,71
14:08:00,72
14:09:00,72
14:10:00,77
14:11:00,72
14:12:00,72
14:13:00,74
14:14:00,75
14:15:00,76
14:16:00,78
14:17:00,76
14:18:00,75
14:19:00,76
14:20:00,75
14:21:00,74
14:22:00,73
14:23:00,71
14:24:00,69
14:25:00,70
14:26:00,70
14:27:00,69
14:28:00,71
14:29:00,76
14:30:00,69
14:31:00,71
14:32:00,70
14:33:00,73
14:34:00,69
14:35:00,70
14:36:00,75
14:37:00,65
14:38:00,69
14:39:00,76
14:40:00,71
14:41:00,77
14:42:00,77
14:43:00,71
14:44:00,71
14:45:00,69
14:46:00,70
14:47:00,65
14:48:00,67
14:49:00,68
14:50:00,68
14:51:00,69
14:52:00,68
14:53:00,71
14:54:00,71
14:55:00,68
14:56:00,72
14:57:00,71
14:58:00,68
14:59:00,70
15:00:00,69
15:01:00,71
15:02:00,69
15:03:00,75
15:04:00,68
15:05:00,71
15:06:00,72
15:07:00,71
15:08:00,68
15:09:00,70
15:10:00,73
15:11:00,74
15:12:00,79
15:13:00,74
15:14:00,76
15:15:00,78
15:16:00,75
15:17:00,66
15:18:00,72
15:19:00,71
15:20:00,74
15:21:00,70
15:22:00,69
15:23:00,73
15:24:00,83
15:25:00,81
15:26:00,78
15:27:00,82
15:28:00,79
15:29:00,71
15:30:00,74
15:31:00,79
15:32:00,81
15:33:00,86
15:34:00,81
15:35:00,84
15:36:00,73
15:37:00,65
15:38:00,67
15:39:00,73
15:40:00,83
15:41:00,88
15:42:00,82
15:43:00,85
15:44:00,82
15:45:00,86
15:46:00,86
15:47:00,89
15:48:00,87
15:49:00,89
15:50:00,91
15:51:00,86
15:52:00,71
15:53:00,66
15:54:00,67
15:55:00,73
15:56:00,75
15:57:00,73
15:58:00,75
15:59:00,73
16:00:00,74
16:01:00,73
16:02:00,72
16:03:00,74
16:04:00,74
16:05:00,77
16:06:00,72
16:07:00,74
16:08:00,73
16:09:00,71
16:10:00,72
16:11:00,72
16:12:00,74
16:13:00,72
16:14:00,72
16:15:00,70
16:16:00,71
16:17:00,70
16:18:00,71
16:19:00,70
16:20:00,72
16:21:00,71
16:22:00,73
16:23:00,75
16:24:00,74
16:25:00,73
16:26:00,71
16:27:00,73
16:28:00,77
16:29:00,79
16:30:00,73
16:31:00,74
16:32:00,74
16:33:00,76
16:34:00,78
16:35:00,71
16:36:00,75
16:37:00,75
16:38:00,73
16:39:00,75
16:40:00,78
16:41:00,73
16:42:00,77
16:43:00,83
16:44:00,78
16:45:00,79
16:46:00,81
16:47:00,77
16:48:00,74
16:49:00,70
16:50:00,72
16:51:00,76
16:52:00,71
16:53:00,74
16:54:00,75
16:55:00,78
16:56:00,73
16:57:00,73
16:58:00,75
16:59:00,76
17:00:00,79
17:01:00,74
17:02:00,73
17:03:00,79
17:04:00,77
17:05:00,79
17:06:00,79
17:07:00,75
17:08:00,78
17:09:00,77
17:10:00,75
17:11:00,75
17:12:00,74
17:13:00,82
17:14:00,83
17:15:00,84
17:16:00,94
17:17:00,96
17:18:00,96
17:19:00,85
17:20:00,90
17:21:00,80
17:22:00,71
17:23:00,73
17:24:00,80
17:25:00,92
17:26:00,101
17:27:00,110
17:28:00,112
17:29:00,113
17:30:00,105
17:31:00,96
17:32:00,88
17:33:00,86
17:34:00,78
17:35:00,83
17:36:00,86
17:37:00,87
17:38:00,87
17:39:00,89
17:40:00,87
17:41:00,90
17:42:00,104
17:43:00,112
17:44:00,103
17:45:00,91
17:46:00,95
17:47:00,97
17:48:00,100
17:49:00,96
17:50:00,93
17:51:00,92
17:52:00,97
17:53:00,94
17:54:00,92
17:55:00,95
17:56:00,91
17:57:00,96
17:58:00,106
17:59:00,114
18:00:00,107
18:01:00,106
18:02:00,111
18:03:00,116
18:04:00,115
18:05:00,117
18:06:00,113
18:07:00,111
18:08:00,109
18:09:00,110
18:10:00,110
18:11:00,113
18:12:00,117
18:13:00,117
18:14:00,115
18:15:00,108
18:16:00,106
18:17:00,103
18:18:00,81
18:19:00,82
18:20:00,84
18:21:00,84
18:22:00,85
18:23:00,85
18:24:00,85
18:25:00,87
18:26:00,81
18:27:00,78
18:28:00,79
18:29:00,80
18:30:00,77
18:31:00,76
18:32:00,79
18:33:00,81
18:34:00,76
18:35:00,81
18:36:00,79
18:37:00,77
18:38:00,77
18:39:00,73
18:40:00,72
18:41:00,76
18:42:00,72
18:43:00,76
18:44:00,75
18:45:00,79
18:46:00,76
18:47:00,75
18:48:00,77
18:49:00,76
18:50:00,77
18:51:00,76
18:52:00,76
18:53:00,75
18:54:00,76
18:55:00,79
18:56:00,76
18:57:00,76
18:58:00,72
18:59:00,88
19:00:00,88
19:01:00,88
19:02:00,69
19:03:00,66
19:04:00,69
19:05:00,73
19:06:00,87
19:07:00,99
19:08:00,111
19:09:00,104
19:10:00,98
19:11:00,90
19:12:00,94
19:13:00,77
19:14:00,79
19:15:00,91
19:16:00,103
19:17:00,106
19:18:00,107
19:19:00,99
19:20:00,96
19:21:00,105
19:22:00,100
19:23:00,101
19:24:00,103
19:25:00,103
19:26:00,102
19:27:00,104
19:28:00,102
19:29:00,106
19:30:00,105
19:31:00,106
19:32:00,106
19:33:00,103
19:34:00,97
19:35:00,96
19:36:00,86
19:37:00,73
12:17:00,82
12:19:00,73
12:20:00,81
12:21:00,80
12:22:00,83
16:45:00,105
16:46:00,118
16:47:00,124
16:48:00,123
16:49:00,126
16:50:00,117
16:51:00,113
16:52:00,153
16:53:00,160
16:54:00,114
16:55:00,101
16:56:00,102
16:57:00,96
16:58:00,96
16:59:00,120
17:00:00,131
17:01:00,116
17:02:00,105
17:03:00,97
17:04:00,92
17:05:00,97
17:06:00,94
17:07:00,91
17:08:00,87
17:09:00,85
17:10:00,85
17:11:00,82
17:12:00,86
17:13:00,94
17:14:00,97
17:15:00,98
17:16:00,103
17:17:00,101
17:18:00,104
17:19:00,102
17:20:00,100
17:21:00,108
17:22:00,107
17:23:00,118
17:24:00,109
17:25:00,105
17:26:00,102
17:27:00,99
17:28:00,90
17:29:00,95
17:30:00,100
17:31:00,106
17:32:00,110
17:33:00,109
17:34:00,109
17:35:00,107
17:36:00,107
17:37:00,105
17:38:00,104
17:39:00,101
17:40:00,107
17:41:00,111
17:42:00,107
17:43:00,102
17:44:00,100
17:45:00,97
17:46:00,96
17:47:00,102
17:48:00,102
17:49:00,104
17:50:00,101
17:51:00,100
17:52:00,91
17:53:00,87
17:54:00,84
17:55:00,83
17:56:00,87
17:57:00,92
17:58:00,90
17:59:00,87
18:00:00,88
18:01:00,90
18:02:00,91
18:03:00,93
18:04:00,87
18:05:00,89
18:06:00,85
18:07:00,86
18:08:00,89
18:09:00,85
18:10:00,87
18:11:00,87
18:12:00,89
18:13:00,103
18:14:00,114
18:15:00,116
18:16:00,118
18:17:00,120
18:18:00,117
18:19:00,114
18:20:00,114
18:21:00,103
18:22:00,95
18:23:00,92
18:24:00,91
18:25:00,89
18:26:00,90
18:27:00,89
18:28:00,91
18:29:00,89
18:30:00,95
18:31:00,102
18:32:00,105
18:33:00,107
18:34:00,102
18:35:00,97
18:36:00,87
18:37:00,87
18:38:00,82
18:39:00,80
18:40:00,94
18:41:00,95
18:42:00,101
18:43:00,101
18:44:00,103
18:45:00,93
18:46:00,99
18:47:00,105
18:48:00,106
18:49:00,101
18:50:00,103
18:51:00,105
18:52:00,113
18:53:00,121
18:54:00,117
18:55:00,113
18:56:00,113
18:57:00,112
18:58:00,120
18:59:00,106
19:00:00,95
19:01:00,95
19:02:00,93
19:03:00,99
19:04:00,100
19:05:00,96
19:06:00,86
19:07:00,93
19:08:00,91
19:09:00,89
19:10:00,101
19:11:00,106
19:12:00,113
19:13:00,118
19:14:00,112
19:15:00,105
19:16:00,89
19:17:00,84
19:18:00,93
19:19:00,82
19:20:00,79
19:21:00,75
19:22:00,77
19:23:00,84
19:24:00,81
19:25:00,81
19:26:00,79
19:27:00,83
19:28:00,88
19:29:00,84
19:30:00,96
19:31:00,113
19:32:00,125
19:33:00,127
19:34:00,102
19:35:00,93
19:36:00,92
19:37:00,107
19:38:00,116
19:39:00,118
19:40:00,120
19:41:00,119
19:42:00,111
19:43:00,112
19:44:00,112
19:45:00,113
19:46:00,114
19:47:00,112
19:48:00,108
19:49:00,105
19:50:00,102
19:51:00,98
19:52:00,93
19:53:00,81
19:54:00,84
19:55:00,77
19:56:00,86
19:57:00,89
19:58:00,87
19:59:00,79
20:00:00,82
20:01:00,105
20:02:00,143
20:03:00,148
20:04:00,109
20:05:00,79
20:06:00,77
20:07:00,78
20:08:00,80
20:09:00,78
20:10:00,129
20:11:00,128
20:12:00,107
20:13:00,111
20:14:00,79
20:15:00,78
20:16:00,74
20:17:00,75
20:18:00,76
20:19:00,77
20:20:00,80
20:21:00,78
20:22:00,80
20:23:00,120
20:24:00,107
20:25:00,144
20:26:00,140
20:27:00,146
20:28:00,140
20:29:00,135
20:30:00,123
20:31:00,127
20:32:00,120
20:33:00,115
20:34:00,100
20:35:00,80
20:36:00,89
20:37:00,100
20:38:00,107
20:39:00,103
20:40:00,93
20:41:00,83
20:42:00,87
20:43:00,75
20:44:00,69
20:45:00,69
20:46:00,72
20:47:00,72
20:48:00,69
20:49:00,66
20:50:00,66
20:51:00,69
20:52:00,71
20:53:00,84
20:54:00,82
20:55:00,78
20:56:00,91
20:57:00,92
20:58:00,94
20:59:00,109
21:00:00,99
21:01:00,101
21:02:00,120
21:03:00,119
21:04:00,131
21:05:00,156
21:06:00,160
21:07:00,157
21:08:00,155
21:09:00,136
21:10:00,115
21:11:00,125
21:12:00,125
21:13:00,102
21:14:00,89
21:15:00,94
21:16:00,117
21:17:00,127
21:18:00,126
21:19:00,132
21:20:00,115
21:21:00,135
21:22:00,138
21:23:00,153
21:24:00,151
21:25:00,149
21:26:00,142
21:27:00,133
21:28:00,155
21:29:00,148
21:30:00,147
21:31:00,155
21:32:00,142
21:33:00,145
21:34:00,124
21:35:00,117
21:36:00,94
21:37:00,81
21:38:00,90
21:39:00,119
21:40:00,109
21:41:00,105
21:42:00,124
21:43:00,111
21:44:00,98
21:45:00,81
21:46:00,93
21:47:00,108
21:48:00,99
21:49:00,117
21:50:00,104
21:51:00,114
21:52:00,112
21:53:00,113
21:54:00,108
21:55:00,120
21:56:00,88
21:57:00,90
21:58:00,106
21:59:00,113
22:00:00,96
22:01:00,98
22:02:00,103
22:03:00,112
22:04:00,116
22:05:00,127
22:06:00,150
22:07:00,142
22:08:00,155
22:09:00,145
22:10:00,138
22:11:00,131
22:12:00,143
22:13:00,133
22:14:00,127
22:15:00,124
22:16:00,125
22:17:00,117
22:18:00,98
22:19:00,114
22:20:00,150
22:21:00,157
22:22:00,146
22:23:00,143
22:24:00,105
22:25:00,114
22:26:00,129
22:27:00,137
22:28:00,152
22:29:00,159
22:30:00,148
22:31:00,165
22:32:00,166
22:33:00,165
08:38:00,80
08:39:00,77
08:40:00,81
08:41:00,76
08:42:00,74
08:43:00,74
08:44:00,81
08:45:00,82
08:46:00,79
11:44:00,79
11:45:00,78
12:49:00,90
12:50:00,85
12:51:00,82
12:52:00,80
12:53:00,77
12:54:00,79
12:55:00,85
12:56:00,77
12:57:00,78
12:58:00,77
12:59:00,77
13:00:00,79
13:01:00,80
13:02:00,79
13:03:00,79
13:04:00,81
14:02:00,86
14:03:00,79
14:04:00,84
14:05:00,86
